station_name,line_name
函館,JR函館本線(函館～長万部)
五稜郭,JR函館本線(函館～長万部)
桔梗,JR函館本線(函館～長万部)
大中山,JR函館本線(函館～長万部)
七飯,JR函館本線(函館～長万部)
新函館北斗,JR函館本線(函館～長万部)
仁山,JR函館本線(函館～長万部)
大沼,JR函館本線(函館～長万部)
大沼公園,JR函館本線(函館～長万部)
赤井川,JR函館本線(函館～長万部)
駒ケ岳,JR函館本線(函館～長万部)
東山,JR函館本線(函館～長万部)
姫川,JR函館本線(函館～長万部)
池田園,JR函館本線(函館～長万部)
流山温泉,JR函館本線(函館～長万部)
銚子口,JR函館本線(函館～長万部)
鹿部,JR函館本線(函館～長万部)
渡島沼尻,JR函館本線(函館～長万部)
渡島砂原,JR函館本線(函館～長万部)
掛澗,JR函館本線(函館～長万部)
尾白内,JR函館本線(函館～長万部)
東森,JR函館本線(函館～長万部)
森,JR函館本線(函館～長万部)
桂川,JR函館本線(函館～長万部)
石谷,JR函館本線(函館～長万部)
本石倉,JR函館本線(函館～長万部)
石倉,JR函館本線(函館～長万部)
落部,JR函館本線(函館～長万部)
野田生,JR函館本線(函館～長万部)
山越,JR函館本線(函館～長万部)
八雲,JR函館本線(函館～長万部)
鷲ノ巣,JR函館本線(函館～長万部)
山崎,JR函館本線(函館～長万部)
黒岩,JR函館本線(函館～長万部)
北豊津,JR函館本線(函館～長万部)
国縫,JR函館本線(函館～長万部)
中ノ沢,JR函館本線(函館～長万部)
長万部,JR函館本線(函館～長万部)
長万部,JR函館本線(長万部～小樽)
二股,JR函館本線(長万部～小樽)
蕨岱,JR函館本線(長万部～小樽)
黒松内,JR函館本線(長万部～小樽)
熱郛,JR函館本線(長万部～小樽)
目名,JR函館本線(長万部～小樽)
蘭越,JR函館本線(長万部～小樽)
昆布,JR函館本線(長万部～小樽)
ニセコ,JR函館本線(長万部～小樽)
比羅夫,JR函館本線(長万部～小樽)
倶知安,JR函館本線(長万部～小樽)
小沢,JR函館本線(長万部～小樽)
銀山,JR函館本線(長万部～小樽)
然別,JR函館本線(長万部～小樽)
仁木,JR函館本線(長万部～小樽)
余市,JR函館本線(長万部～小樽)
蘭島,JR函館本線(長万部～小樽)
塩谷,JR函館本線(長万部～小樽)
小樽,JR函館本線(長万部～小樽)
小樽,JR函館本線(小樽～旭川)
南小樽,JR函館本線(小樽～旭川)
小樽築港,JR函館本線(小樽～旭川)
朝里,JR函館本線(小樽～旭川)
銭函,JR函館本線(小樽～旭川)
ほしみ,JR函館本線(小樽～旭川)
星置,JR函館本線(小樽～旭川)
稲穂,JR函館本線(小樽～旭川)
手稲,JR函館本線(小樽～旭川)
稲積公園,JR函館本線(小樽～旭川)
発寒,JR函館本線(小樽～旭川)
発寒中央,JR函館本線(小樽～旭川)
琴似,JR函館本線(小樽～旭川)
桑園,JR函館本線(小樽～旭川)
札幌,JR函館本線(小樽～旭川)
苗穂,JR函館本線(小樽～旭川)
白石,JR函館本線(小樽～旭川)
厚別,JR函館本線(小樽～旭川)
森林公園,JR函館本線(小樽～旭川)
大麻,JR函館本線(小樽～旭川)
野幌,JR函館本線(小樽～旭川)
高砂,JR函館本線(小樽～旭川)
江別,JR函館本線(小樽～旭川)
豊幌,JR函館本線(小樽～旭川)
幌向,JR函館本線(小樽～旭川)
上幌向,JR函館本線(小樽～旭川)
岩見沢,JR函館本線(小樽～旭川)
峰延,JR函館本線(小樽～旭川)
光珠内,JR函館本線(小樽～旭川)
美唄,JR函館本線(小樽～旭川)
茶志内,JR函館本線(小樽～旭川)
奈井江,JR函館本線(小樽～旭川)
豊沼,JR函館本線(小樽～旭川)
砂川,JR函館本線(小樽～旭川)
滝川,JR函館本線(小樽～旭川)
江部乙,JR函館本線(小樽～旭川)
妹背牛,JR函館本線(小樽～旭川)
深川,JR函館本線(小樽～旭川)
納内,JR函館本線(小樽～旭川)
伊納,JR函館本線(小樽～旭川)
近文,JR函館本線(小樽～旭川)
旭川,JR函館本線(小樽～旭川)
長万部,JR室蘭本線(長万部・室蘭～苫小牧)
静狩,JR室蘭本線(長万部・室蘭～苫小牧)
小幌,JR室蘭本線(長万部・室蘭～苫小牧)
礼文,JR室蘭本線(長万部・室蘭～苫小牧)
大岸,JR室蘭本線(長万部・室蘭～苫小牧)
豊浦,JR室蘭本線(長万部・室蘭～苫小牧)
洞爺,JR室蘭本線(長万部・室蘭～苫小牧)
有珠,JR室蘭本線(長万部・室蘭～苫小牧)
長和,JR室蘭本線(長万部・室蘭～苫小牧)
伊達紋別,JR室蘭本線(長万部・室蘭～苫小牧)
北舟岡,JR室蘭本線(長万部・室蘭～苫小牧)
稀府,JR室蘭本線(長万部・室蘭～苫小牧)
黄金,JR室蘭本線(長万部・室蘭～苫小牧)
崎守,JR室蘭本線(長万部・室蘭～苫小牧)
本輪西,JR室蘭本線(長万部・室蘭～苫小牧)
室蘭,JR室蘭本線(長万部・室蘭～苫小牧)
母恋,JR室蘭本線(長万部・室蘭～苫小牧)
御崎,JR室蘭本線(長万部・室蘭～苫小牧)
輪西,JR室蘭本線(長万部・室蘭～苫小牧)
東室蘭,JR室蘭本線(長万部・室蘭～苫小牧)
鷲別,JR室蘭本線(長万部・室蘭～苫小牧)
幌別,JR室蘭本線(長万部・室蘭～苫小牧)
富浦,JR室蘭本線(長万部・室蘭～苫小牧)
登別,JR室蘭本線(長万部・室蘭～苫小牧)
虎杖浜,JR室蘭本線(長万部・室蘭～苫小牧)
竹浦,JR室蘭本線(長万部・室蘭～苫小牧)
北吉原,JR室蘭本線(長万部・室蘭～苫小牧)
萩野,JR室蘭本線(長万部・室蘭～苫小牧)
白老,JR室蘭本線(長万部・室蘭～苫小牧)
社台,JR室蘭本線(長万部・室蘭～苫小牧)
錦岡,JR室蘭本線(長万部・室蘭～苫小牧)
糸井,JR室蘭本線(長万部・室蘭～苫小牧)
青葉,JR室蘭本線(長万部・室蘭～苫小牧)
苫小牧,JR室蘭本線(長万部・室蘭～苫小牧)
苫小牧,JR室蘭本線(苫小牧～岩見沢)
沼ノ端,JR室蘭本線(苫小牧～岩見沢)
遠浅,JR室蘭本線(苫小牧～岩見沢)
早来,JR室蘭本線(苫小牧～岩見沢)
安平,JR室蘭本線(苫小牧～岩見沢)
追分,JR室蘭本線(苫小牧～岩見沢)
三川,JR室蘭本線(苫小牧～岩見沢)
古山,JR室蘭本線(苫小牧～岩見沢)
由仁,JR室蘭本線(苫小牧～岩見沢)
栗山,JR室蘭本線(苫小牧～岩見沢)
栗丘,JR室蘭本線(苫小牧～岩見沢)
栗沢,JR室蘭本線(苫小牧～岩見沢)
志文,JR室蘭本線(苫小牧～岩見沢)
岩見沢,JR室蘭本線(苫小牧～岩見沢)
滝川,JR根室本線(滝川～富良野)
東滝川,JR根室本線(滝川～富良野)
赤平,JR根室本線(滝川～富良野)
茂尻,JR根室本線(滝川～富良野)
平岸,JR根室本線(滝川～富良野)
芦別,JR根室本線(滝川～富良野)
上芦別,JR根室本線(滝川～富良野)
野花南,JR根室本線(滝川～富良野)
島ノ下,JR根室本線(滝川～富良野)
富良野,JR根室本線(滝川～富良野)
布部,JR根室本線(滝川～富良野)
山部,JR根室本線(滝川～富良野)
下金山,JR根室本線(滝川～富良野)
金山,JR根室本線(滝川～富良野)
東鹿越,JR根室本線(滝川～富良野)
幾寅,JR根室本線(滝川～富良野)
落合,JR根室本線(滝川～富良野)
新得,JR根室本線(滝川～富良野)
新得,JR根室本線(新得～釧路)
十勝清水,JR根室本線(新得～釧路)
羽帯,JR根室本線(新得～釧路)
御影,JR根室本線(新得～釧路)
芽室,JR根室本線(新得～釧路)
大成,JR根室本線(新得～釧路)
西帯広,JR根室本線(新得～釧路)
柏林台,JR根室本線(新得～釧路)
帯広,JR根室本線(新得～釧路)
札内,JR根室本線(新得～釧路)
稲士別,JR根室本線(新得～釧路)
幕別,JR根室本線(新得～釧路)
利別,JR根室本線(新得～釧路)
池田,JR根室本線(新得～釧路)
十弗,JR根室本線(新得～釧路)
豊頃,JR根室本線(新得～釧路)
新吉野,JR根室本線(新得～釧路)
浦幌,JR根室本線(新得～釧路)
上厚内,JR根室本線(新得～釧路)
厚内,JR根室本線(新得～釧路)
直別,JR根室本線(新得～釧路)
尺別,JR根室本線(新得～釧路)
音別,JR根室本線(新得～釧路)
古瀬,JR根室本線(新得～釧路)
白糠,JR根室本線(新得～釧路)
西庶路,JR根室本線(新得～釧路)
庶路,JR根室本線(新得～釧路)
大楽毛,JR根室本線(新得～釧路)
新大楽毛,JR根室本線(新得～釧路)
新富士,JR根室本線(新得～釧路)
釧路,JR根室本線(新得～釧路)
釧路,花咲線
東釧路,花咲線
武佐,花咲線
別保,花咲線
上尾幌,花咲線
尾幌,花咲線
門静,花咲線
厚岸,花咲線
糸魚沢,花咲線
茶内,花咲線
浜中,花咲線
姉別,花咲線
厚床,花咲線
初田牛,花咲線
別当賀,花咲線
落石,花咲線
昆布盛,花咲線
西和田,花咲線
花咲,花咲線
東根室,花咲線
根室,花咲線
苫小牧,JR千歳線
沼ノ端,JR千歳線
植苗,JR千歳線
美々,JR千歳線
新千歳空港,JR千歳線
南千歳,JR千歳線
千歳,JR千歳線
長都,JR千歳線
サッポロビール庭園,JR千歳線
恵庭,JR千歳線
恵み野,JR千歳線
島松,JR千歳線
北広島,JR千歳線
上野幌,JR千歳線
新札幌,JR千歳線
平和,JR千歳線
白石,JR千歳線
苗穂,JR千歳線
札幌,JR千歳線
南千歳,JR石勝線
追分,JR石勝線
東追分,JR石勝線
川端,JR石勝線
滝ノ上,JR石勝線
十三里,JR石勝線
新夕張,JR石勝線
沼ノ沢,JR石勝線
南清水沢,JR石勝線
清水沢,JR石勝線
鹿ノ谷,JR石勝線
夕張,JR石勝線
占冠,JR石勝線
トマム,JR石勝線
新得,JR石勝線
苫小牧,JR日高本線
勇払,JR日高本線
浜厚真,JR日高本線
浜田浦,JR日高本線
鵡川,JR日高本線
汐見,JR日高本線
富川,JR日高本線
日高門別,JR日高本線
豊郷,JR日高本線
清畠,JR日高本線
厚賀,JR日高本線
大狩部,JR日高本線
節婦,JR日高本線
新冠,JR日高本線
静内,JR日高本線
静内海水浴場,JR日高本線
東静内,JR日高本線
春立,JR日高本線
日高東別,JR日高本線
日高三石,JR日高本線
蓬栄,JR日高本線
本桐,JR日高本線
荻伏,JR日高本線
絵笛,JR日高本線
浦河,JR日高本線
東町,JR日高本線
日高幌別,JR日高本線
鵜苫,JR日高本線
西様似,JR日高本線
様似,JR日高本線
札幌,JR札沼線
桑園,JR札沼線
八軒,JR札沼線
新川,JR札沼線
新琴似,JR札沼線
太平,JR札沼線
百合が原,JR札沼線
篠路,JR札沼線
拓北,JR札沼線
あいの里教育大,JR札沼線
あいの里公園,JR札沼線
ロイズタウン,JR札沼線
太美,JR札沼線
当別,JR札沼線
北海道医療大学,JR札沼線
石狩金沢,JR札沼線
本中小屋,JR札沼線
中小屋,JR札沼線
月ケ岡,JR札沼線
知来乙,JR札沼線
石狩月形,JR札沼線
豊ケ岡,JR札沼線
札比内,JR札沼線
晩生内,JR札沼線
札的,JR札沼線
浦臼,JR札沼線
鶴沼,JR札沼線
於札内,JR札沼線
南下徳富,JR札沼線
下徳富,JR札沼線
新十津川,JR札沼線
深川,JR留萌本線
北一已,JR留萌本線
秩父別,JR留萌本線
北秩父別,JR留萌本線
石狩沼田,JR留萌本線
真布,JR留萌本線
恵比島,JR留萌本線
峠下,JR留萌本線
幌糠,JR留萌本線
藤山,JR留萌本線
大和田,JR留萌本線
留萌,JR留萌本線
瀬越,JR留萌本線
浜中海水浴場,JR留萌本線
礼受,JR留萌本線
阿分,JR留萌本線
信砂,JR留萌本線
舎熊,JR留萌本線
朱文別,JR留萌本線
箸別,JR留萌本線
増毛,JR留萌本線
旭川,JR富良野線
神楽岡,JR富良野線
緑が丘,JR富良野線
西御料,JR富良野線
西瑞穂,JR富良野線
西神楽,JR富良野線
西聖和,JR富良野線
千代ケ岡,JR富良野線
北美瑛,JR富良野線
美瑛,JR富良野線
美馬牛,JR富良野線
上富良野,JR富良野線
西中,JR富良野線
ラベンダー畑,JR富良野線
中富良野,JR富良野線
鹿討,JR富良野線
学田,JR富良野線
富良野,JR富良野線
旭川,JR宗谷本線
旭川四条,JR宗谷本線
新旭川,JR宗谷本線
永山,JR宗谷本線
北永山,JR宗谷本線
南比布,JR宗谷本線
比布,JR宗谷本線
北比布,JR宗谷本線
蘭留,JR宗谷本線
塩狩,JR宗谷本線
和寒,JR宗谷本線
東六線,JR宗谷本線
剣淵,JR宗谷本線
北剣淵,JR宗谷本線
士別,JR宗谷本線
下士別,JR宗谷本線
多寄,JR宗谷本線
瑞穂,JR宗谷本線
風連,JR宗谷本線
名寄高校,JR宗谷本線
名寄,JR宗谷本線
日進,JR宗谷本線
北星,JR宗谷本線
智恵文,JR宗谷本線
智北,JR宗谷本線
南美深,JR宗谷本線
美深,JR宗谷本線
初野,JR宗谷本線
紋穂内,JR宗谷本線
恩根内,JR宗谷本線
豊清水,JR宗谷本線
天塩川温泉,JR宗谷本線
咲来,JR宗谷本線
音威子府,JR宗谷本線
筬島,JR宗谷本線
佐久,JR宗谷本線
天塩中川,JR宗谷本線
歌内,JR宗谷本線
問寒別,JR宗谷本線
糠南,JR宗谷本線
雄信内,JR宗谷本線
安牛,JR宗谷本線
南幌延,JR宗谷本線
上幌延,JR宗谷本線
幌延,JR宗谷本線
下沼,JR宗谷本線
豊富,JR宗谷本線
徳満,JR宗谷本線
兜沼,JR宗谷本線
勇知,JR宗谷本線
抜海,JR宗谷本線
南稚内,JR宗谷本線
稚内,JR宗谷本線
旭川,JR石北本線
旭川四条,JR石北本線
新旭川,JR石北本線
南永山,JR石北本線
東旭川,JR石北本線
北日ノ出,JR石北本線
桜岡,JR石北本線
当麻,JR石北本線
将軍山,JR石北本線
伊香牛,JR石北本線
愛別,JR石北本線
中愛別,JR石北本線
愛山,JR石北本線
安足間,JR石北本線
東雲,JR石北本線
上川,JR石北本線
上白滝,JR石北本線
白滝,JR石北本線
旧白滝,JR石北本線
下白滝,JR石北本線
丸瀬布,JR石北本線
瀬戸瀬,JR石北本線
遠軽,JR石北本線
安国,JR石北本線
生野,JR石北本線
生田原,JR石北本線
金華,JR石北本線
西留辺蘂,JR石北本線
留辺蘂,JR石北本線
相内,JR石北本線
東相内,JR石北本線
西北見,JR石北本線
北見,JR石北本線
柏陽,JR石北本線
愛し野,JR石北本線
端野,JR石北本線
緋牛内,JR石北本線
美幌,JR石北本線
西女満別,JR石北本線
女満別,JR石北本線
呼人,JR石北本線
網走,JR石北本線
網走,JR釧網本線
桂台,JR釧網本線
鱒浦,JR釧網本線
藻琴,JR釧網本線
北浜,JR釧網本線
原生花園,JR釧網本線
浜小清水,JR釧網本線
止別,JR釧網本線
知床斜里,JR釧網本線
中斜里,JR釧網本線
南斜里,JR釧網本線
清里町,JR釧網本線
札弦,JR釧網本線
緑,JR釧網本線
川湯温泉,JR釧網本線
美留和,JR釧網本線
摩周,JR釧網本線
南弟子屈,JR釧網本線
磯分内,JR釧網本線
標茶,JR釧網本線
五十石,JR釧網本線
茅沼,JR釧網本線
塘路,JR釧網本線
細岡,JR釧網本線
釧路湿原,JR釧網本線
遠矢,JR釧網本線
東釧路,JR釧網本線
釧路,JR釧網本線
中小国,JR海峡線
奥津軽いまべつ,JR海峡線
竜飛海底,JR海峡線
吉岡海底,JR海峡線
知内,JR海峡線
木古内,JR海峡線
江差,JR江差線
上ノ国,JR江差線
中須田,JR江差線
桂岡,JR江差線
宮越,JR江差線
湯ノ岱,JR江差線
神明,JR江差線
吉堀,JR江差線
渡島鶴岡,JR江差線
八戸,JR東北本線(八戸～青森)
新庄,JR奥羽本線(新庄～青森)
泉田,JR奥羽本線(新庄～青森)
羽前豊里,JR奥羽本線(新庄～青森)
真室川,JR奥羽本線(新庄～青森)
釜淵,JR奥羽本線(新庄～青森)
大滝,JR奥羽本線(新庄～青森)
及位,JR奥羽本線(新庄～青森)
院内,JR奥羽本線(新庄～青森)
横堀,JR奥羽本線(新庄～青森)
三関,JR奥羽本線(新庄～青森)
上湯沢,JR奥羽本線(新庄～青森)
湯沢,JR奥羽本線(新庄～青森)
下湯沢,JR奥羽本線(新庄～青森)
十文字,JR奥羽本線(新庄～青森)
醍醐,JR奥羽本線(新庄～青森)
柳田,JR奥羽本線(新庄～青森)
横手,JR奥羽本線(新庄～青森)
後三年,JR奥羽本線(新庄～青森)
飯詰,JR奥羽本線(新庄～青森)
大曲,JR奥羽本線(新庄～青森)
神宮寺,JR奥羽本線(新庄～青森)
刈和野,JR奥羽本線(新庄～青森)
峰吉川,JR奥羽本線(新庄～青森)
羽後境,JR奥羽本線(新庄～青森)
大張野,JR奥羽本線(新庄～青森)
和田,JR奥羽本線(新庄～青森)
四ツ小屋,JR奥羽本線(新庄～青森)
秋田,JR奥羽本線(新庄～青森)
泉外旭川,JR奥羽本線(新庄～青森)
土崎,JR奥羽本線(新庄～青森)
上飯島,JR奥羽本線(新庄～青森)
追分,JR奥羽本線(新庄～青森)
大久保,JR奥羽本線(新庄～青森)
羽後飯塚,JR奥羽本線(新庄～青森)
井川さくら,JR奥羽本線(新庄～青森)
八郎潟,JR奥羽本線(新庄～青森)
鯉川,JR奥羽本線(新庄～青森)
鹿渡,JR奥羽本線(新庄～青森)
森岳,JR奥羽本線(新庄～青森)
北金岡,JR奥羽本線(新庄～青森)
東能代,JR奥羽本線(新庄～青森)
鶴形,JR奥羽本線(新庄～青森)
富根,JR奥羽本線(新庄～青森)
二ツ井,JR奥羽本線(新庄～青森)
前山,JR奥羽本線(新庄～青森)
鷹ノ巣,JR奥羽本線(新庄～青森)
糠沢,JR奥羽本線(新庄～青森)
早口,JR奥羽本線(新庄～青森)
下川沿,JR奥羽本線(新庄～青森)
大館,JR奥羽本線(新庄～青森)
白沢,JR奥羽本線(新庄～青森)
陣場,JR奥羽本線(新庄～青森)
津軽湯の沢,JR奥羽本線(新庄～青森)
碇ケ関,JR奥羽本線(新庄～青森)
長峰,JR奥羽本線(新庄～青森)
大鰐温泉,JR奥羽本線(新庄～青森)
石川,JR奥羽本線(新庄～青森)
弘前,JR奥羽本線(新庄～青森)
撫牛子,JR奥羽本線(新庄～青森)
川部,JR奥羽本線(新庄～青森)
北常盤,JR奥羽本線(新庄～青森)
浪岡,JR奥羽本線(新庄～青森)
大釈迦,JR奥羽本線(新庄～青森)
鶴ケ坂,JR奥羽本線(新庄～青森)
津軽新城,JR奥羽本線(新庄～青森)
新青森,JR奥羽本線(新庄～青森)
青森,JR奥羽本線(新庄～青森)
野辺地,はまなすベイライン大湊線
北野辺地,はまなすベイライン大湊線
有戸,はまなすベイライン大湊線
吹越,はまなすベイライン大湊線
陸奥横浜,はまなすベイライン大湊線
有畑,はまなすベイライン大湊線
近川,はまなすベイライン大湊線
金谷沢,はまなすベイライン大湊線
赤川,はまなすベイライン大湊線
下北,はまなすベイライン大湊線
大湊,はまなすベイライン大湊線
東能代,JR五能線
能代,JR五能線
向能代,JR五能線
北能代,JR五能線
鳥形,JR五能線
沢目,JR五能線
東八森,JR五能線
八森,JR五能線
滝ノ間,JR五能線
あきた白神,JR五能線
岩館,JR五能線
大間越,JR五能線
白神岳登山口,JR五能線
松神,JR五能線
十二湖,JR五能線
陸奥岩崎,JR五能線
陸奥沢辺,JR五能線
ウェスパ椿山,JR五能線
艫作,JR五能線
横磯,JR五能線
深浦,JR五能線
広戸,JR五能線
追良瀬,JR五能線
驫木,JR五能線
風合瀬,JR五能線
大戸瀬,JR五能線
千畳敷,JR五能線
北金ケ沢,JR五能線
陸奥柳田,JR五能線
陸奥赤石,JR五能線
鰺ケ沢,JR五能線
鳴沢,JR五能線
越水,JR五能線
陸奥森田,JR五能線
中田,JR五能線
木造,JR五能線
五所川原,JR五能線
陸奥鶴田,JR五能線
鶴泊,JR五能線
板柳,JR五能線
林崎,JR五能線
藤崎,JR五能線
川部,JR五能線
青森,JR津軽線
油川,JR津軽線
津軽宮田,JR津軽線
奥内,JR津軽線
左堰,JR津軽線
後潟,JR津軽線
中沢,JR津軽線
蓬田,JR津軽線
郷沢,JR津軽線
瀬辺地,JR津軽線
蟹田,JR津軽線
中小国,JR津軽線
大平,JR津軽線
津軽二股,JR津軽線
大川平,JR津軽線
今別,JR津軽線
津軽浜名,JR津軽線
三厩,JR津軽線
八戸,JR八戸線
長苗代,JR八戸線
本八戸,JR八戸線
小中野,JR八戸線
陸奥湊,JR八戸線
白銀,JR八戸線
鮫,JR八戸線
プレイピア白浜,JR八戸線
陸奥白浜,JR八戸線
種差海岸,JR八戸線
大久喜,JR八戸線
金浜,JR八戸線
大蛇,JR八戸線
階上,JR八戸線
角の浜,JR八戸線
平内,JR八戸線
種市,JR八戸線
玉川,JR八戸線
宿戸,JR八戸線
陸中八木,JR八戸線
有家,JR八戸線
陸中中野,JR八戸線
侍浜,JR八戸線
陸中夏井,JR八戸線
久慈,JR八戸線
茂市,JR岩泉線
岩手刈屋,JR岩泉線
中里,JR岩泉線
岩手和井内,JR岩泉線
押角,JR岩泉線
岩手大川,JR岩泉線
浅内,JR岩泉線
二升石,JR岩泉線
岩泉,JR岩泉線
一ノ関,ドラゴンレール大船渡線
真滝,ドラゴンレール大船渡線
陸中門崎,ドラゴンレール大船渡線
岩ノ下,ドラゴンレール大船渡線
陸中松川,ドラゴンレール大船渡線
猊鼻渓,ドラゴンレール大船渡線
柴宿,ドラゴンレール大船渡線
摺沢,ドラゴンレール大船渡線
千厩,ドラゴンレール大船渡線
小梨,ドラゴンレール大船渡線
矢越,ドラゴンレール大船渡線
折壁,ドラゴンレール大船渡線
新月,ドラゴンレール大船渡線
気仙沼,ドラゴンレール大船渡線
鹿折唐桑,ドラゴンレール大船渡線
上鹿折,ドラゴンレール大船渡線
陸前矢作,ドラゴンレール大船渡線
竹駒,ドラゴンレール大船渡線
陸前高田,ドラゴンレール大船渡線
脇ノ沢,ドラゴンレール大船渡線
小友,ドラゴンレール大船渡線
細浦,ドラゴンレール大船渡線
下船渡,ドラゴンレール大船渡線
大船渡,ドラゴンレール大船渡線
盛,ドラゴンレール大船渡線
花巻,銀河ドリームライン釜石線
似内,銀河ドリームライン釜石線
新花巻,銀河ドリームライン釜石線
小山田,銀河ドリームライン釜石線
土沢,銀河ドリームライン釜石線
晴山,銀河ドリームライン釜石線
岩根橋,銀河ドリームライン釜石線
宮守,銀河ドリームライン釜石線
柏木平,銀河ドリームライン釜石線
鱒沢,銀河ドリームライン釜石線
荒谷前,銀河ドリームライン釜石線
岩手二日町,銀河ドリームライン釜石線
綾織,銀河ドリームライン釜石線
遠野,銀河ドリームライン釜石線
青笹,銀河ドリームライン釜石線
岩手上郷,銀河ドリームライン釜石線
平倉,銀河ドリームライン釜石線
足ケ瀬,銀河ドリームライン釜石線
上有住,銀河ドリームライン釜石線
陸中大橋,銀河ドリームライン釜石線
洞泉,銀河ドリームライン釜石線
松倉,銀河ドリームライン釜石線
小佐野,銀河ドリームライン釜石線
釜石,銀河ドリームライン釜石線
北上,JR北上線
柳原,JR北上線
江釣子,JR北上線
藤根,JR北上線
立川目,JR北上線
横川目,JR北上線
岩沢,JR北上線
和賀仙人,JR北上線
ゆだ錦秋湖,JR北上線
ほっとゆだ,JR北上線
ゆだ高原,JR北上線
黒沢,JR北上線
小松川,JR北上線
平石,JR北上線
相野々,JR北上線
矢美津,JR北上線
横手,JR北上線
盛岡,JR田沢湖線
前潟,JR田沢湖線
大釜,JR田沢湖線
小岩井,JR田沢湖線
雫石,JR田沢湖線
春木場,JR田沢湖線
赤渕,JR田沢湖線
田沢湖,JR田沢湖線
刺巻,JR田沢湖線
神代,JR田沢湖線
生田,JR田沢湖線
角館,JR田沢湖線
鶯野,JR田沢湖線
羽後長野,JR田沢湖線
鑓見内,JR田沢湖線
羽後四ツ屋,JR田沢湖線
北大曲,JR田沢湖線
大曲,JR田沢湖線
好摩,十和田八幡平四季彩ライン
東大更,十和田八幡平四季彩ライン
大更,十和田八幡平四季彩ライン
平館,十和田八幡平四季彩ライン
北森,十和田八幡平四季彩ライン
松尾八幡平,十和田八幡平四季彩ライン
安比高原,十和田八幡平四季彩ライン
赤坂田,十和田八幡平四季彩ライン
小屋の畑,十和田八幡平四季彩ライン
荒屋新町,十和田八幡平四季彩ライン
横間,十和田八幡平四季彩ライン
田山,十和田八幡平四季彩ライン
兄畑,十和田八幡平四季彩ライン
湯瀬温泉,十和田八幡平四季彩ライン
八幡平,十和田八幡平四季彩ライン
陸中大里,十和田八幡平四季彩ライン
鹿角花輪,十和田八幡平四季彩ライン
柴平,十和田八幡平四季彩ライン
十和田南,十和田八幡平四季彩ライン
末広,十和田八幡平四季彩ライン
土深井,十和田八幡平四季彩ライン
沢尻,十和田八幡平四季彩ライン
十二所,十和田八幡平四季彩ライン
大滝温泉,十和田八幡平四季彩ライン
扇田,十和田八幡平四季彩ライン
東大館,十和田八幡平四季彩ライン
大館,十和田八幡平四季彩ライン
盛岡,JR山田線
上盛岡,JR山田線
山岸,JR山田線
上米内,JR山田線
大志田,JR山田線
浅岸,JR山田線
区界,JR山田線
松草,JR山田線
平津戸,JR山田線
川内,JR山田線
箱石,JR山田線
陸中川井,JR山田線
腹帯,JR山田線
茂市,JR山田線
蟇目,JR山田線
花原市,JR山田線
千徳,JR山田線
宮古,JR山田線
磯鶏,JR山田線
津軽石,JR山田線
豊間根,JR山田線
陸中山田,JR山田線
織笠,JR山田線
岩手船越,JR山田線
浪板海岸,JR山田線
吉里吉里,JR山田線
大槌,JR山田線
鵜住居,JR山田線
両石,JR山田線
釜石,JR山田線
新津,JR羽越本線
京ケ瀬,JR羽越本線
水原,JR羽越本線
神山,JR羽越本線
月岡,JR羽越本線
中浦,JR羽越本線
新発田,JR羽越本線
加治,JR羽越本線
金塚,JR羽越本線
中条,JR羽越本線
平木田,JR羽越本線
坂町,JR羽越本線
平林,JR羽越本線
岩船町,JR羽越本線
村上,JR羽越本線
間島,JR羽越本線
越後早川,JR羽越本線
桑川,JR羽越本線
今川,JR羽越本線
越後寒川,JR羽越本線
勝木,JR羽越本線
府屋,JR羽越本線
鼠ケ関,JR羽越本線
小岩川,JR羽越本線
あつみ温泉,JR羽越本線
五十川,JR羽越本線
小波渡,JR羽越本線
三瀬,JR羽越本線
羽前水沢,JR羽越本線
羽前大山,JR羽越本線
鶴岡,JR羽越本線
藤島,JR羽越本線
西袋,JR羽越本線
余目,JR羽越本線
北余目,JR羽越本線
砂越,JR羽越本線
東酒田,JR羽越本線
酒田,JR羽越本線
本楯,JR羽越本線
南鳥海,JR羽越本線
遊佐,JR羽越本線
吹浦,JR羽越本線
女鹿,JR羽越本線
小砂川,JR羽越本線
上浜,JR羽越本線
象潟,JR羽越本線
金浦,JR羽越本線
仁賀保,JR羽越本線
西目,JR羽越本線
羽後本荘,JR羽越本線
羽後岩谷,JR羽越本線
折渡,JR羽越本線
羽後亀田,JR羽越本線
岩城みなと,JR羽越本線
道川,JR羽越本線
下浜,JR羽越本線
桂根,JR羽越本線
新屋,JR羽越本線
羽後牛島,JR羽越本線
秋田,JR羽越本線
追分,JR男鹿線
出戸浜,JR男鹿線
上二田,JR男鹿線
二田,JR男鹿線
天王,JR男鹿線
船越,JR男鹿線
脇本,JR男鹿線
羽立,JR男鹿線
男鹿,JR男鹿線
福島,山形線
笹木野,山形線
庭坂,山形線
赤岩,山形線
板谷,山形線
峠,山形線
大沢,山形線
関根,山形線
米沢,山形線
置賜,山形線
高畠,山形線
赤湯,山形線
中川,山形線
羽前中山,山形線
かみのやま温泉,山形線
茂吉記念館前,山形線
蔵王,山形線
山形,山形線
北山形,山形線
羽前千歳,山形線
南出羽,山形線
漆山,山形線
高擶,山形線
天童南,山形線
天童,山形線
乱川,山形線
神町,山形線
さくらんぼ東根,山形線
東根,山形線
村山,山形線
袖崎,山形線
大石田,山形線
北大石田,山形線
芦沢,山形線
舟形,山形線
新庄,山形線
仙台,JR仙山線
東照宮,JR仙山線
北仙台,JR仙山線
北山,JR仙山線
東北福祉大前,JR仙山線
国見,JR仙山線
葛岡,JR仙山線
陸前落合,JR仙山線
愛子,JR仙山線
陸前白沢,JR仙山線
熊ケ根,JR仙山線
西仙台ハイランド,JR仙山線
作並,JR仙山線
八ツ森,JR仙山線
奥新川,JR仙山線
面白山高原,JR仙山線
山寺,JR仙山線
高瀬,JR仙山線
楯山,JR仙山線
羽前千歳,JR仙山線
北山形,JR仙山線
山形,JR仙山線
山形,フルーツライン左沢線
北山形,フルーツライン左沢線
東金井,フルーツライン左沢線
羽前山辺,フルーツライン左沢線
羽前金沢,フルーツライン左沢線
羽前長崎,フルーツライン左沢線
南寒河江,フルーツライン左沢線
寒河江,フルーツライン左沢線
西寒河江,フルーツライン左沢線
羽前高松,フルーツライン左沢線
柴橋,フルーツライン左沢線
左沢,フルーツライン左沢線
米沢,JR米坂線
南米沢,JR米坂線
西米沢,JR米坂線
成島,JR米坂線
中郡,JR米坂線
羽前小松,JR米坂線
犬川,JR米坂線
今泉,JR米坂線
萩生,JR米坂線
羽前椿,JR米坂線
手ノ子,JR米坂線
羽前沼沢,JR米坂線
伊佐領,JR米坂線
羽前松岡,JR米坂線
小国,JR米坂線
越後金丸,JR米坂線
越後片貝,JR米坂線
越後下関,JR米坂線
越後大島,JR米坂線
坂町,JR米坂線
新庄,奥の細道最上川ライン
升形,奥の細道最上川ライン
羽前前波,奥の細道最上川ライン
津谷,奥の細道最上川ライン
古口,奥の細道最上川ライン
高屋,奥の細道最上川ライン
清川,奥の細道最上川ライン
狩川,奥の細道最上川ライン
南野,奥の細道最上川ライン
余目,奥の細道最上川ライン
小牛田,奥の細道湯けむりライン
北浦,奥の細道湯けむりライン
陸前谷地,奥の細道湯けむりライン
古川,奥の細道湯けむりライン
塚目,奥の細道湯けむりライン
西古川,奥の細道湯けむりライン
東大崎,奥の細道湯けむりライン
西大崎,奥の細道湯けむりライン
岩出山,奥の細道湯けむりライン
有備館,奥の細道湯けむりライン
上野目,奥の細道湯けむりライン
池月,奥の細道湯けむりライン
川渡温泉,奥の細道湯けむりライン
鳴子御殿湯,奥の細道湯けむりライン
鳴子温泉,奥の細道湯けむりライン
中山平温泉,奥の細道湯けむりライン
堺田,奥の細道湯けむりライン
赤倉温泉,奥の細道湯けむりライン
立小路,奥の細道湯けむりライン
最上,奥の細道湯けむりライン
大堀,奥の細道湯けむりライン
鵜杉,奥の細道湯けむりライン
瀬見温泉,奥の細道湯けむりライン
東長沢,奥の細道湯けむりライン
長沢,奥の細道湯けむりライン
南新庄,奥の細道湯けむりライン
新庄,奥の細道湯けむりライン
あおば通,JR仙石線
仙台,JR仙石線
榴ケ岡,JR仙石線
宮城野原,JR仙石線
陸前原ノ町,JR仙石線
苦竹,JR仙石線
小鶴新田,JR仙石線
福田町,JR仙石線
陸前高砂,JR仙石線
中野栄,JR仙石線
多賀城,JR仙石線
下馬,JR仙石線
西塩釜,JR仙石線
本塩釜,JR仙石線
東塩釜,JR仙石線
陸前浜田,JR仙石線
松島海岸,JR仙石線
高城町,JR仙石線
手樽,JR仙石線
陸前富山,JR仙石線
陸前大塚,JR仙石線
東名,JR仙石線
野蒜,JR仙石線
陸前小野,JR仙石線
鹿妻,JR仙石線
矢本,JR仙石線
東矢本,JR仙石線
陸前赤井,JR仙石線
石巻あゆみ野,JR仙石線
蛇田,JR仙石線
陸前山下,JR仙石線
石巻,JR仙石線
小牛田,JR石巻線
上涌谷,JR石巻線
涌谷,JR石巻線
前谷地,JR石巻線
佳景山,JR石巻線
鹿又,JR石巻線
曽波神,JR石巻線
石巻,JR石巻線
陸前稲井,JR石巻線
渡波,JR石巻線
万石浦,JR石巻線
沢田,JR石巻線
浦宿,JR石巻線
女川,JR石巻線
前谷地,JR気仙沼線
和渕,JR気仙沼線
のの岳,JR気仙沼線
陸前豊里,JR気仙沼線
御岳堂,JR気仙沼線
柳津,JR気仙沼線
陸前横山,JR気仙沼線
陸前戸倉,JR気仙沼線
志津川,JR気仙沼線
清水浜,JR気仙沼線
歌津,JR気仙沼線
陸前港,JR気仙沼線
蔵内,JR気仙沼線
陸前小泉,JR気仙沼線
本吉,JR気仙沼線
小金沢,JR気仙沼線
大谷海岸,JR気仙沼線
陸前階上,JR気仙沼線
最知,JR気仙沼線
松岩,JR気仙沼線
南気仙沼,JR気仙沼線
不動の沢,JR気仙沼線
気仙沼,JR気仙沼線
郡山,JR磐越西線(郡山～会津若松)
郡山富田,JR磐越西線(郡山～会津若松)
喜久田,JR磐越西線(郡山～会津若松)
安子ケ島,JR磐越西線(郡山～会津若松)
磐梯熱海,JR磐越西線(郡山～会津若松)
中山宿,JR磐越西線(郡山～会津若松)
上戸,JR磐越西線(郡山～会津若松)
猪苗代湖畔,JR磐越西線(郡山～会津若松)
関都,JR磐越西線(郡山～会津若松)
川桁,JR磐越西線(郡山～会津若松)
猪苗代,JR磐越西線(郡山～会津若松)
翁島,JR磐越西線(郡山～会津若松)
磐梯町,JR磐越西線(郡山～会津若松)
東長原,JR磐越西線(郡山～会津若松)
広田,JR磐越西線(郡山～会津若松)
会津若松,JR磐越西線(郡山～会津若松)
会津若松,森と水とロマンの鉄道
堂島,森と水とロマンの鉄道
笈川,森と水とロマンの鉄道
塩川,森と水とロマンの鉄道
姥堂,森と水とロマンの鉄道
会津豊川,森と水とロマンの鉄道
喜多方,森と水とロマンの鉄道
山都,森と水とロマンの鉄道
荻野,森と水とロマンの鉄道
尾登,森と水とロマンの鉄道
野沢,森と水とロマンの鉄道
上野尻,森と水とロマンの鉄道
徳沢,森と水とロマンの鉄道
豊実,森と水とロマンの鉄道
日出谷,森と水とロマンの鉄道
鹿瀬,森と水とロマンの鉄道
津川,森と水とロマンの鉄道
三川,森と水とロマンの鉄道
五十島,森と水とロマンの鉄道
東下条,森と水とロマンの鉄道
咲花,森と水とロマンの鉄道
馬下,森と水とロマンの鉄道
猿和田,森と水とロマンの鉄道
五泉,森と水とロマンの鉄道
北五泉,森と水とロマンの鉄道
新関,森と水とロマンの鉄道
東新津,森と水とロマンの鉄道
新津,森と水とロマンの鉄道
会津若松,JR只見線
七日町,JR只見線
西若松,JR只見線
会津本郷,JR只見線
会津高田,JR只見線
根岸,JR只見線
新鶴,JR只見線
若宮,JR只見線
会津坂下,JR只見線
塔寺,JR只見線
会津坂本,JR只見線
会津柳津,JR只見線
郷戸,JR只見線
滝谷,JR只見線
会津桧原,JR只見線
会津西方,JR只見線
会津宮下,JR只見線
早戸,JR只見線
会津水沼,JR只見線
会津中川,JR只見線
会津川口,JR只見線
本名,JR只見線
会津越川,JR只見線
会津横田,JR只見線
会津大塩,JR只見線
会津塩沢,JR只見線
会津蒲生,JR只見線
只見,JR只見線
田子倉,JR只見線
大白川,JR只見線
柿ノ木,JR只見線
入広瀬,JR只見線
上条,JR只見線
越後須原,JR只見線
魚沼田中,JR只見線
越後広瀬,JR只見線
藪神,JR只見線
小出,JR只見線
いわき,ゆうゆうあぶくまライン
赤井,ゆうゆうあぶくまライン
小川郷,ゆうゆうあぶくまライン
江田,ゆうゆうあぶくまライン
川前,ゆうゆうあぶくまライン
夏井,ゆうゆうあぶくまライン
小野新町,ゆうゆうあぶくまライン
神俣,ゆうゆうあぶくまライン
菅谷,ゆうゆうあぶくまライン
大越,ゆうゆうあぶくまライン
磐城常葉,ゆうゆうあぶくまライン
船引,ゆうゆうあぶくまライン
要田,ゆうゆうあぶくまライン
三春,ゆうゆうあぶくまライン
舞木,ゆうゆうあぶくまライン
郡山,ゆうゆうあぶくまライン
黒磯,JR東北本線(黒磯～利府・盛岡)
高久,JR東北本線(黒磯～利府・盛岡)
黒田原,JR東北本線(黒磯～利府・盛岡)
豊原,JR東北本線(黒磯～利府・盛岡)
白坂,JR東北本線(黒磯～利府・盛岡)
新白河,JR東北本線(黒磯～利府・盛岡)
白河,JR東北本線(黒磯～利府・盛岡)
久田野,JR東北本線(黒磯～利府・盛岡)
泉崎,JR東北本線(黒磯～利府・盛岡)
矢吹,JR東北本線(黒磯～利府・盛岡)
鏡石,JR東北本線(黒磯～利府・盛岡)
須賀川,JR東北本線(黒磯～利府・盛岡)
安積永盛,JR東北本線(黒磯～利府・盛岡)
郡山,JR東北本線(黒磯～利府・盛岡)
日和田,JR東北本線(黒磯～利府・盛岡)
五百川,JR東北本線(黒磯～利府・盛岡)
本宮,JR東北本線(黒磯～利府・盛岡)
杉田,JR東北本線(黒磯～利府・盛岡)
二本松,JR東北本線(黒磯～利府・盛岡)
安達,JR東北本線(黒磯～利府・盛岡)
松川,JR東北本線(黒磯～利府・盛岡)
金谷川,JR東北本線(黒磯～利府・盛岡)
南福島,JR東北本線(黒磯～利府・盛岡)
福島,JR東北本線(黒磯～利府・盛岡)
東福島,JR東北本線(黒磯～利府・盛岡)
伊達,JR東北本線(黒磯～利府・盛岡)
桑折,JR東北本線(黒磯～利府・盛岡)
藤田,JR東北本線(黒磯～利府・盛岡)
貝田,JR東北本線(黒磯～利府・盛岡)
越河,JR東北本線(黒磯～利府・盛岡)
白石,JR東北本線(黒磯～利府・盛岡)
東白石,JR東北本線(黒磯～利府・盛岡)
北白川,JR東北本線(黒磯～利府・盛岡)
大河原,JR東北本線(黒磯～利府・盛岡)
船岡,JR東北本線(黒磯～利府・盛岡)
槻木,JR東北本線(黒磯～利府・盛岡)
岩沼,JR東北本線(黒磯～利府・盛岡)
館腰,JR東北本線(黒磯～利府・盛岡)
名取,JR東北本線(黒磯～利府・盛岡)
南仙台,JR東北本線(黒磯～利府・盛岡)
太子堂,JR東北本線(黒磯～利府・盛岡)
長町,JR東北本線(黒磯～利府・盛岡)
仙台,JR東北本線(黒磯～利府・盛岡)
東仙台,JR東北本線(黒磯～利府・盛岡)
岩切,JR東北本線(黒磯～利府・盛岡)
新利府,JR東北本線(黒磯～利府・盛岡)
利府,JR東北本線(黒磯～利府・盛岡)
陸前山王,JR東北本線(黒磯～利府・盛岡)
国府多賀城,JR東北本線(黒磯～利府・盛岡)
塩釜,JR東北本線(黒磯～利府・盛岡)
松島,JR東北本線(黒磯～利府・盛岡)
愛宕,JR東北本線(黒磯～利府・盛岡)
品井沼,JR東北本線(黒磯～利府・盛岡)
鹿島台,JR東北本線(黒磯～利府・盛岡)
松山町,JR東北本線(黒磯～利府・盛岡)
小牛田,JR東北本線(黒磯～利府・盛岡)
田尻,JR東北本線(黒磯～利府・盛岡)
瀬峰,JR東北本線(黒磯～利府・盛岡)
梅ケ沢,JR東北本線(黒磯～利府・盛岡)
新田,JR東北本線(黒磯～利府・盛岡)
石越,JR東北本線(黒磯～利府・盛岡)
油島,JR東北本線(黒磯～利府・盛岡)
花泉,JR東北本線(黒磯～利府・盛岡)
清水原,JR東北本線(黒磯～利府・盛岡)
有壁,JR東北本線(黒磯～利府・盛岡)
一ノ関,JR東北本線(黒磯～利府・盛岡)
山ノ目,JR東北本線(黒磯～利府・盛岡)
平泉,JR東北本線(黒磯～利府・盛岡)
前沢,JR東北本線(黒磯～利府・盛岡)
陸中折居,JR東北本線(黒磯～利府・盛岡)
水沢,JR東北本線(黒磯～利府・盛岡)
金ケ崎,JR東北本線(黒磯～利府・盛岡)
六原,JR東北本線(黒磯～利府・盛岡)
北上,JR東北本線(黒磯～利府・盛岡)
村崎野,JR東北本線(黒磯～利府・盛岡)
花巻,JR東北本線(黒磯～利府・盛岡)
花巻空港,JR東北本線(黒磯～利府・盛岡)
石鳥谷,JR東北本線(黒磯～利府・盛岡)
日詰,JR東北本線(黒磯～利府・盛岡)
紫波中央,JR東北本線(黒磯～利府・盛岡)
古館,JR東北本線(黒磯～利府・盛岡)
矢幅,JR東北本線(黒磯～利府・盛岡)
岩手飯岡,JR東北本線(黒磯～利府・盛岡)
仙北町,JR東北本線(黒磯～利府・盛岡)
盛岡,JR東北本線(黒磯～利府・盛岡)
東京,JR東海道本線(東京～熱海)
新橋,JR東海道本線(東京～熱海)
品川,JR東海道本線(東京～熱海)
川崎,JR東海道本線(東京～熱海)
横浜,JR東海道本線(東京～熱海)
戸塚,JR東海道本線(東京～熱海)
大船,JR東海道本線(東京～熱海)
藤沢,JR東海道本線(東京～熱海)
辻堂,JR東海道本線(東京～熱海)
茅ケ崎,JR東海道本線(東京～熱海)
平塚,JR東海道本線(東京～熱海)
大磯,JR東海道本線(東京～熱海)
二宮,JR東海道本線(東京～熱海)
国府津,JR東海道本線(東京～熱海)
鴨宮,JR東海道本線(東京～熱海)
小田原,JR東海道本線(東京～熱海)
早川,JR東海道本線(東京～熱海)
根府川,JR東海道本線(東京～熱海)
真鶴,JR東海道本線(東京～熱海)
湯河原,JR東海道本線(東京～熱海)
熱海,JR東海道本線(東京～熱海)
大崎,JR山手線
五反田,JR山手線
目黒,JR山手線
恵比寿,JR山手線
渋谷,JR山手線
原宿,JR山手線
代々木,JR山手線
新宿,JR山手線
新大久保,JR山手線
高田馬場,JR山手線
目白,JR山手線
池袋,JR山手線
大塚,JR山手線
巣鴨,JR山手線
駒込,JR山手線
田端,JR山手線
西日暮里,JR山手線
日暮里,JR山手線
鶯谷,JR山手線
上野,JR山手線
御徒町,JR山手線
秋葉原,JR山手線
神田,JR山手線
東京,JR山手線
有楽町,JR山手線
新橋,JR山手線
浜松町,JR山手線
田町,JR山手線
高輪ゲートウェイ,JR山手線
品川,JR山手線
川崎,JR南武線
尻手,JR南武線
矢向,JR南武線
鹿島田,JR南武線
平間,JR南武線
向河原,JR南武線
武蔵小杉,JR南武線
武蔵中原,JR南武線
武蔵新城,JR南武線
武蔵溝ノ口,JR南武線
津田山,JR南武線
久地,JR南武線
宿河原,JR南武線
登戸,JR南武線
中野島,JR南武線
稲田堤,JR南武線
矢野口,JR南武線
稲城長沼,JR南武線
南多摩,JR南武線
府中本町,JR南武線
分倍河原,JR南武線
西府,JR南武線
谷保,JR南武線
矢川,JR南武線
西国立,JR南武線
立川,JR南武線
八丁畷,JR南武線
川崎新町,JR南武線
小田栄,JR南武線
浜川崎,JR南武線
鶴見,JR鶴見線
国道,JR鶴見線
鶴見小野,JR鶴見線
弁天橋,JR鶴見線
浅野,JR鶴見線
新芝浦,JR鶴見線
海芝浦,JR鶴見線
安善,JR鶴見線
大川,JR鶴見線
武蔵白石,JR鶴見線
浜川崎,JR鶴見線
昭和,JR鶴見線
扇町,JR鶴見線
府中本町,JR武蔵野線
北府中,JR武蔵野線
西国分寺,JR武蔵野線
新小平,JR武蔵野線
新秋津,JR武蔵野線
東所沢,JR武蔵野線
新座,JR武蔵野線
北朝霞,JR武蔵野線
西浦和,JR武蔵野線
武蔵浦和,JR武蔵野線
南浦和,JR武蔵野線
東浦和,JR武蔵野線
東川口,JR武蔵野線
南越谷,JR武蔵野線
越谷レイクタウン,JR武蔵野線
吉川,JR武蔵野線
吉川美南,JR武蔵野線
新三郷,JR武蔵野線
三郷,JR武蔵野線
南流山,JR武蔵野線
新松戸,JR武蔵野線
新八柱,JR武蔵野線
東松戸,JR武蔵野線
市川大野,JR武蔵野線
船橋法典,JR武蔵野線
西船橋,JR武蔵野線
東神奈川,JR横浜線
大口,JR横浜線
菊名,JR横浜線
新横浜,JR横浜線
小机,JR横浜線
鴨居,JR横浜線
中山,JR横浜線
十日市場,JR横浜線
長津田,JR横浜線
成瀬,JR横浜線
町田,JR横浜線
古淵,JR横浜線
淵野辺,JR横浜線
矢部,JR横浜線
相模原,JR横浜線
橋本,JR横浜線
相原,JR横浜線
八王子みなみ野,JR横浜線
片倉,JR横浜線
八王子,JR横浜線
横浜,JR根岸線
桜木町,JR根岸線
関内,JR根岸線
石川町,JR根岸線
山手,JR根岸線
根岸,JR根岸線
磯子,JR根岸線
新杉田,JR根岸線
洋光台,JR根岸線
港南台,JR根岸線
本郷台,JR根岸線
大船,JR根岸線
東京,JR横須賀線
新橋,JR横須賀線
品川,JR横須賀線
西大井,JR横須賀線
武蔵小杉,JR横須賀線
新川崎,JR横須賀線
横浜,JR横須賀線
保土ケ谷,JR横須賀線
東戸塚,JR横須賀線
戸塚,JR横須賀線
大船,JR横須賀線
北鎌倉,JR横須賀線
鎌倉,JR横須賀線
逗子,JR横須賀線
東逗子,JR横須賀線
田浦,JR横須賀線
横須賀,JR横須賀線
衣笠,JR横須賀線
久里浜,JR横須賀線
茅ケ崎,JR相模線
北茅ケ崎,JR相模線
香川,JR相模線
寒川,JR相模線
宮山,JR相模線
倉見,JR相模線
門沢橋,JR相模線
社家,JR相模線
厚木,JR相模線
海老名,JR相模線
入谷,JR相模線
相武台下,JR相模線
下溝,JR相模線
原当麻,JR相模線
番田,JR相模線
上溝,JR相模線
南橋本,JR相模線
橋本,JR相模線
東京,JR中央本線(東京～塩尻)
四ツ谷,JR中央本線(東京～塩尻)
新宿,JR中央本線(東京～塩尻)
吉祥寺,JR中央本線(東京～塩尻)
三鷹,JR中央本線(東京～塩尻)
国分寺,JR中央本線(東京～塩尻)
立川,JR中央本線(東京～塩尻)
日野,JR中央本線(東京～塩尻)
豊田,JR中央本線(東京～塩尻)
八王子,JR中央本線(東京～塩尻)
西八王子,JR中央本線(東京～塩尻)
高尾,JR中央本線(東京～塩尻)
相模湖,JR中央本線(東京～塩尻)
藤野,JR中央本線(東京～塩尻)
上野原,JR中央本線(東京～塩尻)
四方津,JR中央本線(東京～塩尻)
梁川,JR中央本線(東京～塩尻)
鳥沢,JR中央本線(東京～塩尻)
猿橋,JR中央本線(東京～塩尻)
大月,JR中央本線(東京～塩尻)
初狩,JR中央本線(東京～塩尻)
笹子,JR中央本線(東京～塩尻)
甲斐大和,JR中央本線(東京～塩尻)
勝沼ぶどう郷,JR中央本線(東京～塩尻)
塩山,JR中央本線(東京～塩尻)
東山梨,JR中央本線(東京～塩尻)
山梨市,JR中央本線(東京～塩尻)
春日居町,JR中央本線(東京～塩尻)
石和温泉,JR中央本線(東京～塩尻)
酒折,JR中央本線(東京～塩尻)
甲府,JR中央本線(東京～塩尻)
竜王,JR中央本線(東京～塩尻)
塩崎,JR中央本線(東京～塩尻)
韮崎,JR中央本線(東京～塩尻)
新府,JR中央本線(東京～塩尻)
穴山,JR中央本線(東京～塩尻)
日野春,JR中央本線(東京～塩尻)
長坂,JR中央本線(東京～塩尻)
小淵沢,JR中央本線(東京～塩尻)
信濃境,JR中央本線(東京～塩尻)
富士見,JR中央本線(東京～塩尻)
すずらんの里,JR中央本線(東京～塩尻)
青柳,JR中央本線(東京～塩尻)
茅野,JR中央本線(東京～塩尻)
上諏訪,JR中央本線(東京～塩尻)
下諏訪,JR中央本線(東京～塩尻)
岡谷,JR中央本線(東京～塩尻)
みどり湖,JR中央本線(東京～塩尻)
川岸,JR中央本線(東京～塩尻)
辰野,JR中央本線(東京～塩尻)
信濃川島,JR中央本線(東京～塩尻)
小野,JR中央本線(東京～塩尻)
塩尻,JR中央本線(東京～塩尻)
東京,JR中央線(快速)
神田,JR中央線(快速)
御茶ノ水,JR中央線(快速)
四ツ谷,JR中央線(快速)
新宿,JR中央線(快速)
中野,JR中央線(快速)
高円寺,JR中央線(快速)
阿佐ケ谷,JR中央線(快速)
荻窪,JR中央線(快速)
西荻窪,JR中央線(快速)
吉祥寺,JR中央線(快速)
三鷹,JR中央線(快速)
武蔵境,JR中央線(快速)
東小金井,JR中央線(快速)
武蔵小金井,JR中央線(快速)
国分寺,JR中央線(快速)
西国分寺,JR中央線(快速)
国立,JR中央線(快速)
立川,JR中央線(快速)
日野,JR中央線(快速)
豊田,JR中央線(快速)
八王子,JR中央線(快速)
西八王子,JR中央線(快速)
高尾,JR中央線(快速)
三鷹,JR中央・総武線
吉祥寺,JR中央・総武線
西荻窪,JR中央・総武線
荻窪,JR中央・総武線
阿佐ケ谷,JR中央・総武線
高円寺,JR中央・総武線
中野,JR中央・総武線
東中野,JR中央・総武線
大久保,JR中央・総武線
新宿,JR中央・総武線
代々木,JR中央・総武線
千駄ケ谷,JR中央・総武線
信濃町,JR中央・総武線
四ツ谷,JR中央・総武線
市ケ谷,JR中央・総武線
飯田橋,JR中央・総武線
水道橋,JR中央・総武線
御茶ノ水,JR中央・総武線
秋葉原,JR中央・総武線
浅草橋,JR中央・総武線
両国,JR中央・総武線
錦糸町,JR中央・総武線
亀戸,JR中央・総武線
平井,JR中央・総武線
新小岩,JR中央・総武線
小岩,JR中央・総武線
市川,JR中央・総武線
本八幡,JR中央・総武線
下総中山,JR中央・総武線
西船橋,JR中央・総武線
船橋,JR中央・総武線
東船橋,JR中央・総武線
津田沼,JR中央・総武線
幕張本郷,JR中央・総武線
幕張,JR中央・総武線
新検見川,JR中央・総武線
稲毛,JR中央・総武線
西千葉,JR中央・総武線
千葉,JR中央・総武線
東京,JR総武本線
新日本橋,JR総武本線
馬喰町,JR総武本線
錦糸町,JR総武本線
新小岩,JR総武本線
市川,JR総武本線
船橋,JR総武本線
津田沼,JR総武本線
稲毛,JR総武本線
千葉,JR総武本線
東千葉,JR総武本線
都賀,JR総武本線
四街道,JR総武本線
物井,JR総武本線
佐倉,JR総武本線
南酒々井,JR総武本線
榎戸,JR総武本線
八街,JR総武本線
日向,JR総武本線
成東,JR総武本線
松尾,JR総武本線
横芝,JR総武本線
飯倉,JR総武本線
八日市場,JR総武本線
干潟,JR総武本線
旭,JR総武本線
飯岡,JR総武本線
倉橋,JR総武本線
猿田,JR総武本線
松岸,JR総武本線
銚子,JR総武本線
立川,JR青梅線
西立川,JR青梅線
東中神,JR青梅線
中神,JR青梅線
昭島,JR青梅線
拝島,JR青梅線
牛浜,JR青梅線
福生,JR青梅線
羽村,JR青梅線
小作,JR青梅線
河辺,JR青梅線
東青梅,JR青梅線
青梅,JR青梅線
宮ノ平,JR青梅線
日向和田,JR青梅線
石神前,JR青梅線
二俣尾,JR青梅線
軍畑,JR青梅線
沢井,JR青梅線
御嶽,JR青梅線
川井,JR青梅線
古里,JR青梅線
鳩ノ巣,JR青梅線
白丸,JR青梅線
奥多摩,JR青梅線
拝島,JR五日市線
熊川,JR五日市線
東秋留,JR五日市線
秋川,JR五日市線
武蔵引田,JR五日市線
武蔵増戸,JR五日市線
武蔵五日市,JR五日市線
八王子,JR八高線(八王子～高麗川)
北八王子,JR八高線(八王子～高麗川)
小宮,JR八高線(八王子～高麗川)
拝島,JR八高線(八王子～高麗川)
東福生,JR八高線(八王子～高麗川)
箱根ケ崎,JR八高線(八王子～高麗川)
金子,JR八高線(八王子～高麗川)
東飯能,JR八高線(八王子～高麗川)
高麗川,JR八高線(八王子～高麗川)
高麗川,JR八高線(高麗川～高崎)
毛呂,JR八高線(高麗川～高崎)
越生,JR八高線(高麗川～高崎)
明覚,JR八高線(高麗川～高崎)
小川町,JR八高線(高麗川～高崎)
竹沢,JR八高線(高麗川～高崎)
折原,JR八高線(高麗川～高崎)
寄居,JR八高線(高麗川～高崎)
用土,JR八高線(高麗川～高崎)
松久,JR八高線(高麗川～高崎)
児玉,JR八高線(高麗川～高崎)
丹荘,JR八高線(高麗川～高崎)
群馬藤岡,JR八高線(高麗川～高崎)
北藤岡,JR八高線(高麗川～高崎)
倉賀野,JR八高線(高麗川～高崎)
高崎,JR八高線(高麗川～高崎)
東京,宇都宮線
上野,宇都宮線
尾久,宇都宮線
赤羽,宇都宮線
浦和,宇都宮線
さいたま新都心,宇都宮線
大宮,宇都宮線
土呂,宇都宮線
東大宮,宇都宮線
蓮田,宇都宮線
白岡,宇都宮線
新白岡,宇都宮線
久喜,宇都宮線
東鷲宮,宇都宮線
栗橋,宇都宮線
古河,宇都宮線
野木,宇都宮線
間々田,宇都宮線
小山,宇都宮線
小金井,宇都宮線
自治医大,宇都宮線
石橋,宇都宮線
雀宮,宇都宮線
宇都宮,宇都宮線
岡本,宇都宮線
宝積寺,宇都宮線
氏家,宇都宮線
蒲須坂,宇都宮線
片岡,宇都宮線
矢板,宇都宮線
野崎,宇都宮線
西那須野,宇都宮線
那須塩原,宇都宮線
黒磯,宇都宮線
上野,JR常磐線(上野～取手)
日暮里,JR常磐線(上野～取手)
三河島,JR常磐線(上野～取手)
南千住,JR常磐線(上野～取手)
北千住,JR常磐線(上野～取手)
綾瀬,JR常磐線(上野～取手)
亀有,JR常磐線(上野～取手)
金町,JR常磐線(上野～取手)
松戸,JR常磐線(上野～取手)
北松戸,JR常磐線(上野～取手)
馬橋,JR常磐線(上野～取手)
新松戸,JR常磐線(上野～取手)
北小金,JR常磐線(上野～取手)
南柏,JR常磐線(上野～取手)
柏,JR常磐線(上野～取手)
北柏,JR常磐線(上野～取手)
我孫子,JR常磐線(上野～取手)
天王台,JR常磐線(上野～取手)
取手,JR常磐線(取手～いわき)
取手,JR常磐線(上野～取手)
藤代,JR常磐線(取手～いわき)
龍ケ崎市,JR常磐線(取手～いわき)
牛久,JR常磐線(取手～いわき)
ひたち野うしく,JR常磐線(取手～いわき)
荒川沖,JR常磐線(取手～いわき)
土浦,JR常磐線(取手～いわき)
神立,JR常磐線(取手～いわき)
高浜,JR常磐線(取手～いわき)
石岡,JR常磐線(取手～いわき)
羽鳥,JR常磐線(取手～いわき)
岩間,JR常磐線(取手～いわき)
友部,JR常磐線(取手～いわき)
内原,JR常磐線(取手～いわき)
赤塚,JR常磐線(取手～いわき)
偕楽園,JR常磐線(取手～いわき)
水戸,JR常磐線(取手～いわき)
勝田,JR常磐線(取手～いわき)
佐和,JR常磐線(取手～いわき)
東海,JR常磐線(取手～いわき)
大甕,JR常磐線(取手～いわき)
常陸多賀,JR常磐線(取手～いわき)
日立,JR常磐線(取手～いわき)
小木津,JR常磐線(取手～いわき)
十王,JR常磐線(取手～いわき)
高萩,JR常磐線(取手～いわき)
南中郷,JR常磐線(取手～いわき)
磯原,JR常磐線(取手～いわき)
大津港,JR常磐線(取手～いわき)
勿来,JR常磐線(取手～いわき)
植田,JR常磐線(取手～いわき)
泉,JR常磐線(取手～いわき)
湯本,JR常磐線(取手～いわき)
内郷,JR常磐線(取手～いわき)
いわき,JR常磐線(取手～いわき)
いわき,JR常磐線(いわき～仙台)
草野,JR常磐線(いわき～仙台)
四ツ倉,JR常磐線(いわき～仙台)
久ノ浜,JR常磐線(いわき～仙台)
末続,JR常磐線(いわき～仙台)
広野,JR常磐線(いわき～仙台)
Jヴィレッジ,JR常磐線(いわき～仙台)
木戸,JR常磐線(いわき～仙台)
竜田,JR常磐線(いわき～仙台)
富岡,JR常磐線(いわき～仙台)
夜ノ森,JR常磐線(いわき～仙台)
大野,JR常磐線(いわき～仙台)
双葉,JR常磐線(いわき～仙台)
浪江,JR常磐線(いわき～仙台)
桃内,JR常磐線(いわき～仙台)
小高,JR常磐線(いわき～仙台)
磐城太田,JR常磐線(いわき～仙台)
原ノ町,JR常磐線(いわき～仙台)
鹿島,JR常磐線(いわき～仙台)
日立木,JR常磐線(いわき～仙台)
相馬,JR常磐線(いわき～仙台)
駒ケ嶺,JR常磐線(いわき～仙台)
新地,JR常磐線(いわき～仙台)
坂元,JR常磐線(いわき～仙台)
山下,JR常磐線(いわき～仙台)
浜吉田,JR常磐線(いわき～仙台)
亘理,JR常磐線(いわき～仙台)
逢隈,JR常磐線(いわき～仙台)
岩沼,JR常磐線(いわき～仙台)
館腰,JR常磐線(いわき～仙台)
名取,JR常磐線(いわき～仙台)
南仙台,JR常磐線(いわき～仙台)
太子堂,JR常磐線(いわき～仙台)
長町,JR常磐線(いわき～仙台)
仙台,JR常磐線(いわき～仙台)
大崎,JR埼京線
恵比寿,JR埼京線
渋谷,JR埼京線
新宿,JR埼京線
池袋,JR埼京線
板橋,JR埼京線
十条,JR埼京線
赤羽,JR埼京線
北赤羽,JR埼京線
浮間舟渡,JR埼京線
戸田公園,JR埼京線
戸田,JR埼京線
北戸田,JR埼京線
武蔵浦和,JR埼京線
中浦和,JR埼京線
南与野,JR埼京線
与野本町,JR埼京線
北与野,JR埼京線
大宮,JR埼京線
日進,JR埼京線
指扇,JR埼京線
南古谷,JR埼京線
川越,JR埼京線
大宮,JR川越線
日進,JR川越線
西大宮,JR川越線
指扇,JR川越線
南古谷,JR川越線
川越,JR川越線
西川越,JR川越線
的場,JR川越線
笠幡,JR川越線
武蔵高萩,JR川越線
高麗川,JR川越線
上野,JR高崎線
尾久,JR高崎線
赤羽,JR高崎線
浦和,JR高崎線
さいたま新都心,JR高崎線
大宮,JR高崎線
宮原,JR高崎線
上尾,JR高崎線
北上尾,JR高崎線
桶川,JR高崎線
北本,JR高崎線
鴻巣,JR高崎線
北鴻巣,JR高崎線
吹上,JR高崎線
行田,JR高崎線
熊谷,JR高崎線
籠原,JR高崎線
深谷,JR高崎線
岡部,JR高崎線
本庄,JR高崎線
神保原,JR高崎線
新町,JR高崎線
倉賀野,JR高崎線
高崎,JR高崎線
千葉,JR外房線
本千葉,JR外房線
蘇我,JR外房線
鎌取,JR外房線
誉田,JR外房線
土気,JR外房線
大網,JR外房線
永田,JR外房線
本納,JR外房線
新茂原,JR外房線
茂原,JR外房線
八積,JR外房線
上総一ノ宮,JR外房線
東浪見,JR外房線
太東,JR外房線
長者町,JR外房線
三門,JR外房線
大原,JR外房線
浪花,JR外房線
御宿,JR外房線
勝浦,JR外房線
鵜原,JR外房線
上総興津,JR外房線
行川アイランド,JR外房線
安房小湊,JR外房線
安房天津,JR外房線
安房鴨川,JR外房線
千葉,JR内房線
本千葉,JR内房線
蘇我,JR内房線
浜野,JR内房線
八幡宿,JR内房線
五井,JR内房線
姉ケ崎,JR内房線
長浦,JR内房線
袖ケ浦,JR内房線
巌根,JR内房線
木更津,JR内房線
君津,JR内房線
青堀,JR内房線
大貫,JR内房線
佐貫町,JR内房線
上総湊,JR内房線
竹岡,JR内房線
浜金谷,JR内房線
保田,JR内房線
安房勝山,JR内房線
岩井,JR内房線
富浦,JR内房線
那古船形,JR内房線
館山,JR内房線
九重,JR内房線
千倉,JR内房線
千歳,JR内房線
南三原,JR内房線
和田浦,JR内房線
江見,JR内房線
太海,JR内房線
安房鴨川,JR内房線
東京,JR京葉線
八丁堀,JR京葉線
越中島,JR京葉線
潮見,JR京葉線
新木場,JR京葉線
葛西臨海公園,JR京葉線
舞浜,JR京葉線
新浦安,JR京葉線
市川塩浜,JR京葉線
西船橋,JR京葉線
二俣新町,JR京葉線
南船橋,JR京葉線
新習志野,JR京葉線
幕張豊砂,JR京葉線
海浜幕張,JR京葉線
検見川浜,JR京葉線
稲毛海岸,JR京葉線
千葉みなと,JR京葉線
蘇我,JR京葉線
佐倉,JR成田線
酒々井,JR成田線
成田,JR成田線
空港第２ビル（第２旅客ターミナル）,JR成田線
成田空港（第１旅客ターミナル）,JR成田線
久住,JR成田線
滑河,JR成田線
下総神崎,JR成田線
大戸,JR成田線
佐原,JR成田線
香取,JR成田線
水郷,JR成田線
小見川,JR成田線
笹川,JR成田線
下総橘,JR成田線
下総豊里,JR成田線
椎柴,JR成田線
松岸,JR成田線
銚子,JR成田線
我孫子,JR成田線
東我孫子,JR成田線
湖北,JR成田線
新木,JR成田線
布佐,JR成田線
木下,JR成田線
小林,JR成田線
安食,JR成田線
下総松崎,JR成田線
大船,JR成田エクスプレス
戸塚,JR成田エクスプレス
横浜,JR成田エクスプレス
武蔵小杉,JR成田エクスプレス
大宮,JR成田エクスプレス
池袋,JR成田エクスプレス
新宿,JR成田エクスプレス
高尾,JR成田エクスプレス
八王子,JR成田エクスプレス
立川,JR成田エクスプレス
国分寺,JR成田エクスプレス
三鷹,JR成田エクスプレス
吉祥寺,JR成田エクスプレス
渋谷,JR成田エクスプレス
品川,JR成田エクスプレス
東京,JR成田エクスプレス
千葉,JR成田エクスプレス
四街道,JR成田エクスプレス
佐倉,JR成田エクスプレス
成田,JR成田エクスプレス
空港第２ビル（第２旅客ターミナル）,JR成田エクスプレス
成田空港（第１旅客ターミナル）,JR成田エクスプレス
佐原,JR鹿島線
香取,JR鹿島線
十二橋,JR鹿島線
潮来,JR鹿島線
延方,JR鹿島線
鹿島神宮,JR鹿島線
鹿島サッカースタジアム（臨）,JR鹿島線
木更津,JR久留里線
祇園,JR久留里線
上総清川,JR久留里線
東清川,JR久留里線
横田,JR久留里線
東横田,JR久留里線
馬来田,JR久留里線
下郡,JR久留里線
小櫃,JR久留里線
俵田,JR久留里線
久留里,JR久留里線
平山,JR久留里線
上総松丘,JR久留里線
上総亀山,JR久留里線
大網,JR東金線
福俵,JR東金線
東金,JR東金線
求名,JR東金線
成東,JR東金線
大宮,JR京浜東北線
さいたま新都心,JR京浜東北線
与野,JR京浜東北線
北浦和,JR京浜東北線
浦和,JR京浜東北線
南浦和,JR京浜東北線
蕨,JR京浜東北線
西川口,JR京浜東北線
川口,JR京浜東北線
赤羽,JR京浜東北線
東十条,JR京浜東北線
王子,JR京浜東北線
上中里,JR京浜東北線
田端,JR京浜東北線
西日暮里,JR京浜東北線
日暮里,JR京浜東北線
鶯谷,JR京浜東北線
上野,JR京浜東北線
御徒町,JR京浜東北線
秋葉原,JR京浜東北線
神田,JR京浜東北線
東京,JR京浜東北線
有楽町,JR京浜東北線
新橋,JR京浜東北線
浜松町,JR京浜東北線
田町,JR京浜東北線
高輪ゲートウェイ,JR京浜東北線
品川,JR京浜東北線
大井町,JR京浜東北線
大森,JR京浜東北線
蒲田,JR京浜東北線
川崎,JR京浜東北線
鶴見,JR京浜東北線
新子安,JR京浜東北線
東神奈川,JR京浜東北線
横浜,JR京浜東北線
大宮,JR湘南新宿ライン
浦和,JR湘南新宿ライン
赤羽,JR湘南新宿ライン
池袋,JR湘南新宿ライン
新宿,JR湘南新宿ライン
渋谷,JR湘南新宿ライン
恵比寿,JR湘南新宿ライン
大崎,JR湘南新宿ライン
西大井,JR湘南新宿ライン
武蔵小杉,JR湘南新宿ライン
新川崎,JR湘南新宿ライン
横浜,JR湘南新宿ライン
保土ケ谷,JR湘南新宿ライン
東戸塚,JR湘南新宿ライン
戸塚,JR湘南新宿ライン
大船,JR湘南新宿ライン
宝積寺,JR烏山線
下野花岡,JR烏山線
仁井田,JR烏山線
鴻野山,JR烏山線
大金,JR烏山線
小塙,JR烏山線
滝,JR烏山線
烏山,JR烏山線
渋川,JR吾妻線
金島,JR吾妻線
祖母島,JR吾妻線
小野上,JR吾妻線
小野上温泉,JR吾妻線
市城,JR吾妻線
中之条,JR吾妻線
群馬原町,JR吾妻線
郷原,JR吾妻線
矢倉,JR吾妻線
岩島,JR吾妻線
川原湯温泉,JR吾妻線
長野原草津口,JR吾妻線
群馬大津,JR吾妻線
羽根尾,JR吾妻線
袋倉,JR吾妻線
万座・鹿沢口,JR吾妻線
大前,JR吾妻線
高崎,JR信越本線
北高崎,JR信越本線
群馬八幡,JR信越本線
安中,JR信越本線
磯部,JR信越本線
松井田,JR信越本線
西松井田,JR信越本線
横川,JR信越本線
水戸,JR水郡線
常陸青柳,JR水郡線
常陸津田,JR水郡線
後台,JR水郡線
下菅谷,JR水郡線
中菅谷,JR水郡線
上菅谷,JR水郡線
南酒出,JR水郡線
額田,JR水郡線
河合,JR水郡線
谷河原,JR水郡線
常陸太田,JR水郡線
常陸鴻巣,JR水郡線
瓜連,JR水郡線
静,JR水郡線
常陸大宮,JR水郡線
玉川村,JR水郡線
野上原,JR水郡線
山方宿,JR水郡線
中舟生,JR水郡線
下小川,JR水郡線
西金,JR水郡線
上小川,JR水郡線
袋田,JR水郡線
常陸大子,JR水郡線
下野宮,JR水郡線
矢祭山,JR水郡線
東館,JR水郡線
南石井,JR水郡線
磐城石井,JR水郡線
磐城塙,JR水郡線
近津,JR水郡線
中豊,JR水郡線
磐城棚倉,JR水郡線
磐城浅川,JR水郡線
里白石,JR水郡線
磐城石川,JR水郡線
野木沢,JR水郡線
川辺沖,JR水郡線
泉郷,JR水郡線
川東,JR水郡線
小塩江,JR水郡線
谷田川,JR水郡線
磐城守山,JR水郡線
安積永盛,JR水郡線
郡山,JR水郡線
小山,JR水戸線
小田林,JR水戸線
結城,JR水戸線
東結城,JR水戸線
川島,JR水戸線
玉戸,JR水戸線
下館,JR水戸線
新治,JR水戸線
大和,JR水戸線
岩瀬,JR水戸線
羽黒,JR水戸線
福原,JR水戸線
稲田,JR水戸線
笠間,JR水戸線
宍戸,JR水戸線
友部,JR水戸線
宇都宮,JR日光線
鶴田,JR日光線
鹿沼,JR日光線
文挟,JR日光線
下野大沢,JR日光線
今市,JR日光線
日光,JR日光線
高崎,JR両毛線
高崎問屋町,JR両毛線
井野,JR両毛線
新前橋,JR両毛線
前橋,JR両毛線
前橋大島,JR両毛線
駒形,JR両毛線
伊勢崎,JR両毛線
国定,JR両毛線
岩宿,JR両毛線
桐生,JR両毛線
小俣,JR両毛線
山前,JR両毛線
足利,JR両毛線
あしかがフラワーパーク,JR両毛線
富田,JR両毛線
佐野,JR両毛線
岩舟,JR両毛線
大平下,JR両毛線
栃木,JR両毛線
思川,JR両毛線
小山,JR両毛線
高崎,JR上越線
高崎問屋町,JR上越線
井野,JR上越線
新前橋,JR上越線
群馬総社,JR上越線
八木原,JR上越線
渋川,JR上越線
敷島,JR上越線
津久田,JR上越線
岩本,JR上越線
沼田,JR上越線
後閑,JR上越線
上牧,JR上越線
水上,JR上越線
湯檜曽,JR上越線
土合,JR上越線
土樽,JR上越線
越後中里,JR上越線
岩原スキー場前,JR上越線
越後湯沢,JR上越線
石打,JR上越線
大沢,JR上越線
上越国際スキー場前,JR上越線
塩沢,JR上越線
六日町,JR上越線
五日町,JR上越線
浦佐,JR上越線
八色,JR上越線
小出,JR上越線
越後堀之内,JR上越線
北堀之内,JR上越線
越後川口,JR上越線
小千谷,JR上越線
越後滝谷,JR上越線
宮内,JR上越線
長岡,JR上越線
東京,上野東京ライン
上野,上野東京ライン
小淵沢,小海線
甲斐小泉,小海線
甲斐大泉,小海線
清里,小海線
野辺山,小海線
信濃川上,小海線
佐久広瀬,小海線
佐久海ノ口,小海線
海尻,小海線
松原湖,小海線
小海,小海線
馬流,小海線
高岩,小海線
八千穂,小海線
海瀬,小海線
羽黒下,小海線
青沼,小海線
臼田,小海線
龍岡城,小海線
太田部,小海線
中込,小海線
滑津,小海線
北中込,小海線
岩村田,小海線
佐久平,小海線
中佐都,小海線
美里,小海線
三岡,小海線
乙女,小海線
東小諸,小海線
小諸,小海線
富士,JR身延線
柚木,JR身延線
竪堀,JR身延線
入山瀬,JR身延線
富士根,JR身延線
源道寺,JR身延線
富士宮,JR身延線
西富士宮,JR身延線
沼久保,JR身延線
芝川,JR身延線
稲子,JR身延線
十島,JR身延線
井出,JR身延線
寄畑,JR身延線
内船,JR身延線
甲斐大島,JR身延線
身延,JR身延線
塩之沢,JR身延線
波高島,JR身延線
下部温泉,JR身延線
甲斐常葉,JR身延線
市ノ瀬,JR身延線
久那土,JR身延線
甲斐岩間,JR身延線
落居,JR身延線
鰍沢口,JR身延線
市川大門,JR身延線
市川本町,JR身延線
芦川,JR身延線
甲斐上野,JR身延線
東花輪,JR身延線
小井川,JR身延線
常永,JR身延線
国母,JR身延線
甲斐住吉,JR身延線
南甲府,JR身延線
善光寺,JR身延線
金手,JR身延線
甲府,JR身延線
篠ノ井,JR信越本線(篠ノ井～長野)
今井,JR信越本線(篠ノ井～長野)
川中島,JR信越本線(篠ノ井～長野)
安茂里,JR信越本線(篠ノ井～長野)
長野,JR信越本線(篠ノ井～長野)
直江津,JR信越本線(直江津～新潟)
黒井,JR信越本線(直江津～新潟)
犀潟,JR信越本線(直江津～新潟)
土底浜,JR信越本線(直江津～新潟)
潟町,JR信越本線(直江津～新潟)
上下浜,JR信越本線(直江津～新潟)
柿崎,JR信越本線(直江津～新潟)
米山,JR信越本線(直江津～新潟)
笠島,JR信越本線(直江津～新潟)
青海川,JR信越本線(直江津～新潟)
鯨波,JR信越本線(直江津～新潟)
柏崎,JR信越本線(直江津～新潟)
茨目,JR信越本線(直江津～新潟)
安田,JR信越本線(直江津～新潟)
北条,JR信越本線(直江津～新潟)
越後広田,JR信越本線(直江津～新潟)
長鳥,JR信越本線(直江津～新潟)
塚山,JR信越本線(直江津～新潟)
越後岩塚,JR信越本線(直江津～新潟)
来迎寺,JR信越本線(直江津～新潟)
前川,JR信越本線(直江津～新潟)
宮内,JR信越本線(直江津～新潟)
長岡,JR信越本線(直江津～新潟)
北長岡,JR信越本線(直江津～新潟)
押切,JR信越本線(直江津～新潟)
見附,JR信越本線(直江津～新潟)
帯織,JR信越本線(直江津～新潟)
東光寺,JR信越本線(直江津～新潟)
三条,JR信越本線(直江津～新潟)
東三条,JR信越本線(直江津～新潟)
保内,JR信越本線(直江津～新潟)
加茂,JR信越本線(直江津～新潟)
羽生田,JR信越本線(直江津～新潟)
田上,JR信越本線(直江津～新潟)
矢代田,JR信越本線(直江津～新潟)
古津,JR信越本線(直江津～新潟)
新津,JR信越本線(直江津～新潟)
さつき野,JR信越本線(直江津～新潟)
荻川,JR信越本線(直江津～新潟)
亀田,JR信越本線(直江津～新潟)
越後石山,JR信越本線(直江津～新潟)
新潟,JR信越本線(直江津～新潟)
新潟,JR白新線
東新潟,JR白新線
大形,JR白新線
新崎,JR白新線
早通,JR白新線
豊栄,JR白新線
黒山,JR白新線
佐々木,JR白新線
西新発田,JR白新線
新発田,JR白新線
長野,JR飯山線
北長野,JR飯山線
三才,JR飯山線
豊野,JR飯山線
信濃浅野,JR飯山線
立ケ花,JR飯山線
上今井,JR飯山線
替佐,JR飯山線
蓮,JR飯山線
飯山,JR飯山線
北飯山,JR飯山線
信濃平,JR飯山線
戸狩野沢温泉,JR飯山線
上境,JR飯山線
上桑名川,JR飯山線
桑名川,JR飯山線
西大滝,JR飯山線
信濃白鳥,JR飯山線
平滝,JR飯山線
横倉,JR飯山線
森宮野原,JR飯山線
足滝,JR飯山線
越後田中,JR飯山線
津南,JR飯山線
越後鹿渡,JR飯山線
越後田沢,JR飯山線
越後水沢,JR飯山線
土市,JR飯山線
十日町,JR飯山線
魚沼中条,JR飯山線
下条,JR飯山線
越後岩沢,JR飯山線
内ケ巻,JR飯山線
越後川口,JR飯山線
柏崎,JR越後線
東柏崎,JR越後線
西中通,JR越後線
荒浜,JR越後線
刈羽,JR越後線
西山,JR越後線
礼拝,JR越後線
石地,JR越後線
小木ノ城,JR越後線
出雲崎,JR越後線
妙法寺,JR越後線
小島谷,JR越後線
桐原,JR越後線
寺泊,JR越後線
分水,JR越後線
粟生津,JR越後線
南吉田,JR越後線
吉田,JR越後線
北吉田,JR越後線
岩室,JR越後線
巻,JR越後線
越後曽根,JR越後線
越後赤塚,JR越後線
内野西が丘,JR越後線
内野,JR越後線
新潟大学前,JR越後線
寺尾,JR越後線
小針,JR越後線
青山,JR越後線
関屋,JR越後線
白山,JR越後線
新潟,JR越後線
松本,北アルプス線
北松本,北アルプス線
島内,北アルプス線
島高松,北アルプス線
梓橋,北アルプス線
一日市場,北アルプス線
中萱,北アルプス線
南豊科,北アルプス線
豊科,北アルプス線
柏矢町,北アルプス線
穂高,北アルプス線
有明,北アルプス線
安曇追分,北アルプス線
細野,北アルプス線
北細野,北アルプス線
信濃松川,北アルプス線
安曇沓掛,北アルプス線
信濃常盤,北アルプス線
南大町,北アルプス線
信濃大町,北アルプス線
北大町,北アルプス線
信濃木崎,北アルプス線
稲尾,北アルプス線
海ノ口,北アルプス線
簗場,北アルプス線
ヤナバスキー場前,北アルプス線
南神城,北アルプス線
神城,北アルプス線
飯森,北アルプス線
白馬,北アルプス線
信濃森上,北アルプス線
白馬大池,北アルプス線
千国,北アルプス線
南小谷,北アルプス線
中土,北アルプス線
北小谷,北アルプス線
平岩,北アルプス線
小滝,北アルプス線
根知,北アルプス線
頸城大野,北アルプス線
姫川,北アルプス線
糸魚川,北アルプス線
弥彦,JR弥彦線
矢作,JR弥彦線
吉田,JR弥彦線
西燕,JR弥彦線
燕,JR弥彦線
燕三条,JR弥彦線
北三条,JR弥彦線
東三条,JR弥彦線
名古屋,JR中央本線(名古屋～塩尻)
金山,JR中央本線(名古屋～塩尻)
鶴舞,JR中央本線(名古屋～塩尻)
千種,JR中央本線(名古屋～塩尻)
大曽根,JR中央本線(名古屋～塩尻)
新守山,JR中央本線(名古屋～塩尻)
勝川,JR中央本線(名古屋～塩尻)
春日井,JR中央本線(名古屋～塩尻)
神領,JR中央本線(名古屋～塩尻)
高蔵寺,JR中央本線(名古屋～塩尻)
定光寺,JR中央本線(名古屋～塩尻)
古虎渓,JR中央本線(名古屋～塩尻)
多治見,JR中央本線(名古屋～塩尻)
土岐市,JR中央本線(名古屋～塩尻)
瑞浪,JR中央本線(名古屋～塩尻)
釜戸,JR中央本線(名古屋～塩尻)
武並,JR中央本線(名古屋～塩尻)
恵那,JR中央本線(名古屋～塩尻)
美乃坂本,JR中央本線(名古屋～塩尻)
中津川,JR中央本線(名古屋～塩尻)
落合川,JR中央本線(名古屋～塩尻)
坂下,JR中央本線(名古屋～塩尻)
田立,JR中央本線(名古屋～塩尻)
南木曽,JR中央本線(名古屋～塩尻)
十二兼,JR中央本線(名古屋～塩尻)
野尻,JR中央本線(名古屋～塩尻)
大桑,JR中央本線(名古屋～塩尻)
須原,JR中央本線(名古屋～塩尻)
倉本,JR中央本線(名古屋～塩尻)
上松,JR中央本線(名古屋～塩尻)
木曽福島,JR中央本線(名古屋～塩尻)
原野,JR中央本線(名古屋～塩尻)
宮ノ越,JR中央本線(名古屋～塩尻)
藪原,JR中央本線(名古屋～塩尻)
奈良井,JR中央本線(名古屋～塩尻)
木曽平沢,JR中央本線(名古屋～塩尻)
贄川,JR中央本線(名古屋～塩尻)
日出塩,JR中央本線(名古屋～塩尻)
洗馬,JR中央本線(名古屋～塩尻)
塩尻,JR中央本線(名古屋～塩尻)
塩尻,JR篠ノ井線
広丘,JR篠ノ井線
村井,JR篠ノ井線
平田,JR篠ノ井線
南松本,JR篠ノ井線
松本,JR篠ノ井線
田沢,JR篠ノ井線
明科,JR篠ノ井線
西条,JR篠ノ井線
坂北,JR篠ノ井線
聖高原,JR篠ノ井線
冠着,JR篠ノ井線
姨捨,JR篠ノ井線
稲荷山,JR篠ノ井線
篠ノ井,JR篠ノ井線
豊橋,JR飯田線(豊橋～天竜峡)
船町,JR飯田線(豊橋～天竜峡)
下地,JR飯田線(豊橋～天竜峡)
小坂井,JR飯田線(豊橋～天竜峡)
牛久保,JR飯田線(豊橋～天竜峡)
豊川,JR飯田線(豊橋～天竜峡)
三河一宮,JR飯田線(豊橋～天竜峡)
長山,JR飯田線(豊橋～天竜峡)
江島,JR飯田線(豊橋～天竜峡)
東上,JR飯田線(豊橋～天竜峡)
野田城,JR飯田線(豊橋～天竜峡)
新城,JR飯田線(豊橋～天竜峡)
東新町,JR飯田線(豊橋～天竜峡)
茶臼山,JR飯田線(豊橋～天竜峡)
三河東郷,JR飯田線(豊橋～天竜峡)
大海,JR飯田線(豊橋～天竜峡)
鳥居,JR飯田線(豊橋～天竜峡)
長篠城,JR飯田線(豊橋～天竜峡)
本長篠,JR飯田線(豊橋～天竜峡)
三河大野,JR飯田線(豊橋～天竜峡)
湯谷温泉,JR飯田線(豊橋～天竜峡)
三河槙原,JR飯田線(豊橋～天竜峡)
柿平,JR飯田線(豊橋～天竜峡)
三河川合,JR飯田線(豊橋～天竜峡)
池場,JR飯田線(豊橋～天竜峡)
東栄,JR飯田線(豊橋～天竜峡)
出馬,JR飯田線(豊橋～天竜峡)
上市場,JR飯田線(豊橋～天竜峡)
浦川,JR飯田線(豊橋～天竜峡)
早瀬,JR飯田線(豊橋～天竜峡)
下川合,JR飯田線(豊橋～天竜峡)
中部天竜,JR飯田線(豊橋～天竜峡)
佐久間,JR飯田線(豊橋～天竜峡)
相月,JR飯田線(豊橋～天竜峡)
城西,JR飯田線(豊橋～天竜峡)
向市場,JR飯田線(豊橋～天竜峡)
水窪,JR飯田線(豊橋～天竜峡)
大嵐,JR飯田線(豊橋～天竜峡)
小和田,JR飯田線(豊橋～天竜峡)
中井侍,JR飯田線(豊橋～天竜峡)
伊那小沢,JR飯田線(豊橋～天竜峡)
鶯巣,JR飯田線(豊橋～天竜峡)
平岡,JR飯田線(豊橋～天竜峡)
為栗,JR飯田線(豊橋～天竜峡)
温田,JR飯田線(豊橋～天竜峡)
田本,JR飯田線(豊橋～天竜峡)
門島,JR飯田線(豊橋～天竜峡)
唐笠,JR飯田線(豊橋～天竜峡)
金野,JR飯田線(豊橋～天竜峡)
千代,JR飯田線(豊橋～天竜峡)
天竜峡,JR飯田線(豊橋～天竜峡)
天竜峡,JR飯田線(天竜峡～辰野)
川路,JR飯田線(天竜峡～辰野)
時又,JR飯田線(天竜峡～辰野)
駄科,JR飯田線(天竜峡～辰野)
毛賀,JR飯田線(天竜峡～辰野)
伊那八幡,JR飯田線(天竜峡～辰野)
下山村,JR飯田線(天竜峡～辰野)
鼎,JR飯田線(天竜峡～辰野)
切石,JR飯田線(天竜峡～辰野)
飯田,JR飯田線(天竜峡～辰野)
桜町,JR飯田線(天竜峡～辰野)
伊那上郷,JR飯田線(天竜峡～辰野)
元善光寺,JR飯田線(天竜峡～辰野)
下市田,JR飯田線(天竜峡～辰野)
市田,JR飯田線(天竜峡～辰野)
下平,JR飯田線(天竜峡～辰野)
山吹,JR飯田線(天竜峡～辰野)
伊那大島,JR飯田線(天竜峡～辰野)
上片桐,JR飯田線(天竜峡～辰野)
伊那田島,JR飯田線(天竜峡～辰野)
高遠原,JR飯田線(天竜峡～辰野)
七久保,JR飯田線(天竜峡～辰野)
伊那本郷,JR飯田線(天竜峡～辰野)
飯島,JR飯田線(天竜峡～辰野)
田切,JR飯田線(天竜峡～辰野)
伊那福岡,JR飯田線(天竜峡～辰野)
小町屋,JR飯田線(天竜峡～辰野)
駒ケ根,JR飯田線(天竜峡～辰野)
大田切,JR飯田線(天竜峡～辰野)
宮田,JR飯田線(天竜峡～辰野)
赤木,JR飯田線(天竜峡～辰野)
沢渡,JR飯田線(天竜峡～辰野)
下島,JR飯田線(天竜峡～辰野)
伊那市,JR飯田線(天竜峡～辰野)
伊那北,JR飯田線(天竜峡～辰野)
田畑,JR飯田線(天竜峡～辰野)
北殿,JR飯田線(天竜峡～辰野)
木ノ下,JR飯田線(天竜峡～辰野)
伊那松島,JR飯田線(天竜峡～辰野)
沢,JR飯田線(天竜峡～辰野)
羽場,JR飯田線(天竜峡～辰野)
伊那新町,JR飯田線(天竜峡～辰野)
宮木,JR飯田線(天竜峡～辰野)
辰野,JR飯田線(天竜峡～辰野)
米原,JR北陸本線(米原～敦賀)
坂田,JR北陸本線(米原～敦賀)
田村,JR北陸本線(米原～敦賀)
長浜,JR北陸本線(米原～敦賀)
虎姫,JR北陸本線(米原～敦賀)
河毛,JR北陸本線(米原～敦賀)
高月,JR北陸本線(米原～敦賀)
木ノ本,JR北陸本線(米原～敦賀)
余呉,JR北陸本線(米原～敦賀)
近江塩津,JR北陸本線(米原～敦賀)
新疋田,JR北陸本線(米原～敦賀)
敦賀,JR北陸本線(米原～敦賀)
岐阜,JR高山本線
長森,JR高山本線
那加,JR高山本線
蘇原,JR高山本線
各務ケ原,JR高山本線
鵜沼,JR高山本線
坂祝,JR高山本線
美濃太田,JR高山本線
古井,JR高山本線
中川辺,JR高山本線
下麻生,JR高山本線
上麻生,JR高山本線
白川口,JR高山本線
下油井,JR高山本線
飛騨金山,JR高山本線
焼石,JR高山本線
下呂,JR高山本線
禅昌寺,JR高山本線
飛騨萩原,JR高山本線
上呂,JR高山本線
飛騨宮田,JR高山本線
飛騨小坂,JR高山本線
渚,JR高山本線
久々野,JR高山本線
飛騨一ノ宮,JR高山本線
高山,JR高山本線
上枝,JR高山本線
飛騨国府,JR高山本線
飛騨古川,JR高山本線
杉崎,JR高山本線
飛騨細江,JR高山本線
角川,JR高山本線
坂上,JR高山本線
打保,JR高山本線
杉原,JR高山本線
猪谷,JR高山本線
楡原,JR高山本線
笹津,JR高山本線
東八尾,JR高山本線
越中八尾,JR高山本線
千里,JR高山本線
速星,JR高山本線
婦中鵜坂,JR高山本線
西富山,JR高山本線
富山,JR高山本線
高岡,JR城端線
新高岡,JR城端線
二塚,JR城端線
林,JR城端線
戸出,JR城端線
油田,JR城端線
砺波,JR城端線
東野尻,JR城端線
高儀,JR城端線
福野,JR城端線
東石黒,JR城端線
福光,JR城端線
越中山田,JR城端線
城端,JR城端線
高岡,JR氷見線
越中中川,JR氷見線
能町,JR氷見線
伏木,JR氷見線
越中国分,JR氷見線
雨晴,JR氷見線
島尾,JR氷見線
氷見,JR氷見線
津幡,JR七尾線
中津幡,JR七尾線
本津幡,JR七尾線
能瀬,JR七尾線
宇野気,JR七尾線
横山,JR七尾線
高松,JR七尾線
免田,JR七尾線
宝達,JR七尾線
敷浪,JR七尾線
南羽咋,JR七尾線
羽咋,JR七尾線
千路,JR七尾線
金丸,JR七尾線
能登部,JR七尾線
良川,JR七尾線
能登二宮,JR七尾線
徳田,JR七尾線
七尾,JR七尾線
和倉温泉,JR七尾線
敦賀,敦賀港線
敦賀港,敦賀港線
福井,九頭竜線
越前花堂,九頭竜線
六条,九頭竜線
足羽,九頭竜線
越前東郷,九頭竜線
一乗谷,九頭竜線
越前高田,九頭竜線
市波,九頭竜線
小和清水,九頭竜線
美山,九頭竜線
越前薬師,九頭竜線
越前大宮,九頭竜線
計石,九頭竜線
牛ケ原,九頭竜線
北大野,九頭竜線
越前大野,九頭竜線
越前田野,九頭竜線
越前富田,九頭竜線
下唯野,九頭竜線
柿ケ島,九頭竜線
勝原,九頭竜線
越前下山,九頭竜線
九頭竜湖,九頭竜線
東舞鶴,JR小浜線
松尾寺,JR小浜線
青郷,JR小浜線
三松,JR小浜線
若狭高浜,JR小浜線
若狭和田,JR小浜線
若狭本郷,JR小浜線
加斗,JR小浜線
勢浜,JR小浜線
小浜,JR小浜線
東小浜,JR小浜線
新平野,JR小浜線
上中,JR小浜線
若狭有田,JR小浜線
大鳥羽,JR小浜線
十村,JR小浜線
藤井,JR小浜線
三方,JR小浜線
気山,JR小浜線
美浜,JR小浜線
東美浜,JR小浜線
粟野,JR小浜線
西敦賀,JR小浜線
敦賀,JR小浜線
熱海,JR東海道本線(熱海～浜松)
函南,JR東海道本線(熱海～浜松)
三島,JR東海道本線(熱海～浜松)
沼津,JR東海道本線(熱海～浜松)
片浜,JR東海道本線(熱海～浜松)
原,JR東海道本線(熱海～浜松)
東田子の浦,JR東海道本線(熱海～浜松)
吉原,JR東海道本線(熱海～浜松)
富士,JR東海道本線(熱海～浜松)
富士川,JR東海道本線(熱海～浜松)
新蒲原,JR東海道本線(熱海～浜松)
蒲原,JR東海道本線(熱海～浜松)
由比,JR東海道本線(熱海～浜松)
興津,JR東海道本線(熱海～浜松)
清水,JR東海道本線(熱海～浜松)
草薙,JR東海道本線(熱海～浜松)
東静岡,JR東海道本線(熱海～浜松)
静岡,JR東海道本線(熱海～浜松)
安倍川,JR東海道本線(熱海～浜松)
用宗,JR東海道本線(熱海～浜松)
焼津,JR東海道本線(熱海～浜松)
西焼津,JR東海道本線(熱海～浜松)
藤枝,JR東海道本線(熱海～浜松)
六合,JR東海道本線(熱海～浜松)
島田,JR東海道本線(熱海～浜松)
金谷,JR東海道本線(熱海～浜松)
菊川,JR東海道本線(熱海～浜松)
掛川,JR東海道本線(熱海～浜松)
愛野,JR東海道本線(熱海～浜松)
袋井,JR東海道本線(熱海～浜松)
御厨,JR東海道本線(熱海～浜松)
磐田,JR東海道本線(熱海～浜松)
豊田町,JR東海道本線(熱海～浜松)
天竜川,JR東海道本線(熱海～浜松)
浜松,JR東海道本線(熱海～浜松)
浜松,JR東海道本線(浜松～岐阜)
高塚,JR東海道本線(浜松～岐阜)
舞阪,JR東海道本線(浜松～岐阜)
弁天島,JR東海道本線(浜松～岐阜)
新居町,JR東海道本線(浜松～岐阜)
鷲津,JR東海道本線(浜松～岐阜)
新所原,JR東海道本線(浜松～岐阜)
二川,JR東海道本線(浜松～岐阜)
豊橋,JR東海道本線(浜松～岐阜)
西小坂井,JR東海道本線(浜松～岐阜)
愛知御津,JR東海道本線(浜松～岐阜)
三河大塚,JR東海道本線(浜松～岐阜)
三河三谷,JR東海道本線(浜松～岐阜)
蒲郡,JR東海道本線(浜松～岐阜)
三河塩津,JR東海道本線(浜松～岐阜)
三ケ根,JR東海道本線(浜松～岐阜)
幸田,JR東海道本線(浜松～岐阜)
相見,JR東海道本線(浜松～岐阜)
岡崎,JR東海道本線(浜松～岐阜)
西岡崎,JR東海道本線(浜松～岐阜)
安城,JR東海道本線(浜松～岐阜)
三河安城,JR東海道本線(浜松～岐阜)
東刈谷,JR東海道本線(浜松～岐阜)
野田新町,JR東海道本線(浜松～岐阜)
刈谷,JR東海道本線(浜松～岐阜)
逢妻,JR東海道本線(浜松～岐阜)
大府,JR東海道本線(浜松～岐阜)
共和,JR東海道本線(浜松～岐阜)
南大高,JR東海道本線(浜松～岐阜)
大高,JR東海道本線(浜松～岐阜)
笠寺,JR東海道本線(浜松～岐阜)
熱田,JR東海道本線(浜松～岐阜)
金山,JR東海道本線(浜松～岐阜)
尾頭橋,JR東海道本線(浜松～岐阜)
名古屋,JR東海道本線(浜松～岐阜)
枇杷島,JR東海道本線(浜松～岐阜)
清洲,JR東海道本線(浜松～岐阜)
稲沢,JR東海道本線(浜松～岐阜)
尾張一宮,JR東海道本線(浜松～岐阜)
木曽川,JR東海道本線(浜松～岐阜)
岐阜,JR東海道本線(浜松～岐阜)
岐阜,JR東海道本線(岐阜～美濃赤坂・米原)
西岐阜,JR東海道本線(岐阜～美濃赤坂・米原)
穂積,JR東海道本線(岐阜～美濃赤坂・米原)
大垣,JR東海道本線(岐阜～美濃赤坂・米原)
荒尾,JR東海道本線(岐阜～美濃赤坂・米原)
美濃赤坂,JR東海道本線(岐阜～美濃赤坂・米原)
垂井,JR東海道本線(岐阜～美濃赤坂・米原)
関ケ原,JR東海道本線(岐阜～美濃赤坂・米原)
柏原,JR東海道本線(岐阜～美濃赤坂・米原)
近江長岡,JR東海道本線(岐阜～美濃赤坂・米原)
醒ケ井,JR東海道本線(岐阜～美濃赤坂・米原)
米原,JR東海道本線(岐阜～美濃赤坂・米原)
熱海,JR伊東線
来宮,JR伊東線
伊豆多賀,JR伊東線
網代,JR伊東線
宇佐美,JR伊東線
伊東,JR伊東線
国府津,JR御殿場線
下曽我,JR御殿場線
上大井,JR御殿場線
相模金子,JR御殿場線
松田,JR御殿場線
東山北,JR御殿場線
山北,JR御殿場線
谷峨,JR御殿場線
駿河小山,JR御殿場線
足柄,JR御殿場線
御殿場,JR御殿場線
南御殿場,JR御殿場線
富士岡,JR御殿場線
岩波,JR御殿場線
裾野,JR御殿場線
長泉なめり,JR御殿場線
下土狩,JR御殿場線
大岡,JR御殿場線
沼津,JR御殿場線
大府,JR武豊線
尾張森岡,JR武豊線
緒川,JR武豊線
石浜,JR武豊線
東浦,JR武豊線
亀崎,JR武豊線
乙川,JR武豊線
半田,JR武豊線
東成岩,JR武豊線
武豊,JR武豊線
多治見,JR太多線
小泉,JR太多線
根本,JR太多線
姫,JR太多線
下切,JR太多線
可児,JR太多線
美濃川合,JR太多線
美濃太田,JR太多線
名古屋,JR関西本線(名古屋～亀山)
八田,JR関西本線(名古屋～亀山)
春田,JR関西本線(名古屋～亀山)
蟹江,JR関西本線(名古屋～亀山)
永和,JR関西本線(名古屋～亀山)
弥富,JR関西本線(名古屋～亀山)
長島,JR関西本線(名古屋～亀山)
桑名,JR関西本線(名古屋～亀山)
朝日,JR関西本線(名古屋～亀山)
富田,JR関西本線(名古屋～亀山)
富田浜,JR関西本線(名古屋～亀山)
四日市,JR関西本線(名古屋～亀山)
南四日市,JR関西本線(名古屋～亀山)
河原田,JR関西本線(名古屋～亀山)
河曲,JR関西本線(名古屋～亀山)
加佐登,JR関西本線(名古屋～亀山)
井田川,JR関西本線(名古屋～亀山)
亀山,JR関西本線(名古屋～亀山)
亀山,JR関西本線(亀山～加茂)
関,JR関西本線(亀山～加茂)
加太,JR関西本線(亀山～加茂)
柘植,JR関西本線(亀山～加茂)
新堂,JR関西本線(亀山～加茂)
佐那具,JR関西本線(亀山～加茂)
伊賀上野,JR関西本線(亀山～加茂)
島ケ原,JR関西本線(亀山～加茂)
月ケ瀬口,JR関西本線(亀山～加茂)
大河原,JR関西本線(亀山～加茂)
笠置,JR関西本線(亀山～加茂)
加茂,JR関西本線(亀山～加茂)
亀山,JR紀勢本線
下庄,JR紀勢本線
一身田,JR紀勢本線
津,JR紀勢本線
阿漕,JR紀勢本線
高茶屋,JR紀勢本線
六軒,JR紀勢本線
松阪,JR紀勢本線
徳和,JR紀勢本線
多気,JR紀勢本線
相可,JR紀勢本線
佐奈,JR紀勢本線
栃原,JR紀勢本線
川添,JR紀勢本線
三瀬谷,JR紀勢本線
滝原,JR紀勢本線
阿曽,JR紀勢本線
伊勢柏崎,JR紀勢本線
大内山,JR紀勢本線
梅ケ谷,JR紀勢本線
紀伊長島,JR紀勢本線
三野瀬,JR紀勢本線
船津,JR紀勢本線
相賀,JR紀勢本線
尾鷲,JR紀勢本線
大曽根浦,JR紀勢本線
九鬼,JR紀勢本線
三木里,JR紀勢本線
賀田,JR紀勢本線
二木島,JR紀勢本線
新鹿,JR紀勢本線
波田須,JR紀勢本線
大泊,JR紀勢本線
熊野市,JR紀勢本線
有井,JR紀勢本線
神志山,JR紀勢本線
紀伊市木,JR紀勢本線
阿田和,JR紀勢本線
紀伊井田,JR紀勢本線
鵜殿,JR紀勢本線
新宮,JR紀勢本線
柘植,JR草津線
油日,JR草津線
甲賀,JR草津線
寺庄,JR草津線
甲南,JR草津線
貴生川,JR草津線
三雲,JR草津線
甲西,JR草津線
石部,JR草津線
手原,JR草津線
草津,JR草津線
多気,JR参宮線
外城田,JR参宮線
田丸,JR参宮線
宮川,JR参宮線
山田上口,JR参宮線
伊勢市,JR参宮線
五十鈴ケ丘,JR参宮線
二見浦,JR参宮線
松下,JR参宮線
池の浦シーサイド,JR参宮線
鳥羽,JR参宮線
松阪,JR名松線
上ノ庄,JR名松線
権現前,JR名松線
伊勢八太,JR名松線
一志,JR名松線
井関,JR名松線
伊勢大井,JR名松線
伊勢川口,JR名松線
関ノ宮,JR名松線
家城,JR名松線
伊勢竹原,JR名松線
伊勢鎌倉,JR名松線
伊勢八知,JR名松線
比津,JR名松線
伊勢奥津,JR名松線
米原,琵琶湖線
彦根,琵琶湖線
南彦根,琵琶湖線
河瀬,琵琶湖線
稲枝,琵琶湖線
能登川,琵琶湖線
安土,琵琶湖線
近江八幡,琵琶湖線
篠原,琵琶湖線
野洲,琵琶湖線
守山,琵琶湖線
栗東,琵琶湖線
草津,琵琶湖線
南草津,琵琶湖線
瀬田,琵琶湖線
石山,琵琶湖線
膳所,琵琶湖線
大津,琵琶湖線
山科,琵琶湖線
京都,琵琶湖線
京都,JR京都線
西大路,JR京都線
桂川,JR京都線
向日町,JR京都線
長岡京,JR京都線
山崎,JR京都線
島本,JR京都線
高槻,JR京都線
摂津富田,JR京都線
JR総持寺,JR京都線
茨木,JR京都線
千里丘,JR京都線
岸辺,JR京都線
吹田,JR京都線
東淀川,JR京都線
新大阪,JR京都線
大阪,JR京都線
大阪,JR神戸線(大阪～神戸)
塚本,JR神戸線(大阪～神戸)
尼崎,JR神戸線(大阪～神戸)
立花,JR神戸線(大阪～神戸)
甲子園口,JR神戸線(大阪～神戸)
西宮,JR神戸線(大阪～神戸)
さくら夙川,JR神戸線(大阪～神戸)
芦屋,JR神戸線(大阪～神戸)
甲南山手,JR神戸線(大阪～神戸)
摂津本山,JR神戸線(大阪～神戸)
住吉,JR神戸線(大阪～神戸)
六甲道,JR神戸線(大阪～神戸)
摩耶,JR神戸線(大阪～神戸)
灘,JR神戸線(大阪～神戸)
三ノ宮,JR神戸線(大阪～神戸)
元町,JR神戸線(大阪～神戸)
神戸,JR神戸線(大阪～神戸)
京都,JR湖西線
山科,JR湖西線
大津京,JR湖西線
唐崎,JR湖西線
比叡山坂本,JR湖西線
おごと温泉,JR湖西線
堅田,JR湖西線
小野,JR湖西線
和邇,JR湖西線
蓬莱,JR湖西線
志賀,JR湖西線
比良,JR湖西線
近江舞子,JR湖西線
北小松,JR湖西線
近江高島,JR湖西線
安曇川,JR湖西線
新旭,JR湖西線
近江今津,JR湖西線
近江中庄,JR湖西線
マキノ,JR湖西線
永原,JR湖西線
近江塩津,JR湖西線
加茂,大和路線
木津,大和路線
平城山,大和路線
奈良,大和路線
郡山,大和路線
大和小泉,大和路線
法隆寺,大和路線
王寺,大和路線
三郷,大和路線
河内堅上,大和路線
高井田,大和路線
柏原,大和路線
志紀,大和路線
八尾,大和路線
久宝寺,大和路線
加美,大和路線
平野,大和路線
東部市場前,大和路線
天王寺,大和路線
新今宮,大和路線
今宮,大和路線
ＪＲ難波,大和路線
神戸,JR神戸線(神戸～姫路)
兵庫,JR神戸線(神戸～姫路)
新長田,JR神戸線(神戸～姫路)
鷹取,JR神戸線(神戸～姫路)
須磨海浜公園,JR神戸線(神戸～姫路)
須磨,JR神戸線(神戸～姫路)
塩屋,JR神戸線(神戸～姫路)
垂水,JR神戸線(神戸～姫路)
舞子,JR神戸線(神戸～姫路)
朝霧,JR神戸線(神戸～姫路)
明石,JR神戸線(神戸～姫路)
西明石,JR神戸線(神戸～姫路)
大久保,JR神戸線(神戸～姫路)
魚住,JR神戸線(神戸～姫路)
土山,JR神戸線(神戸～姫路)
東加古川,JR神戸線(神戸～姫路)
加古川,JR神戸線(神戸～姫路)
宝殿,JR神戸線(神戸～姫路)
曽根,JR神戸線(神戸～姫路)
ひめじ別所,JR神戸線(神戸～姫路)
御着,JR神戸線(神戸～姫路)
東姫路,JR神戸線(神戸～姫路)
姫路,JR神戸線(神戸～姫路)
姫路,JR山陽本線(姫路～岡山)
英賀保,JR山陽本線(姫路～岡山)
はりま勝原,JR山陽本線(姫路～岡山)
網干,JR山陽本線(姫路～岡山)
竜野,JR山陽本線(姫路～岡山)
相生,JR山陽本線(姫路～岡山)
有年,JR山陽本線(姫路～岡山)
上郡,JR山陽本線(姫路～岡山)
三石,JR山陽本線(姫路～岡山)
吉永,JR山陽本線(姫路～岡山)
和気,JR山陽本線(姫路～岡山)
熊山,JR山陽本線(姫路～岡山)
万富,JR山陽本線(姫路～岡山)
瀬戸,JR山陽本線(姫路～岡山)
上道,JR山陽本線(姫路～岡山)
東岡山,JR山陽本線(姫路～岡山)
高島,JR山陽本線(姫路～岡山)
西川原,JR山陽本線(姫路～岡山)
岡山,JR山陽本線(姫路～岡山)
岡山,JR山陽本線(岡山～三原)
北長瀬,JR山陽本線(岡山～三原)
庭瀬,JR山陽本線(岡山～三原)
中庄,JR山陽本線(岡山～三原)
倉敷,JR山陽本線(岡山～三原)
西阿知,JR山陽本線(岡山～三原)
新倉敷,JR山陽本線(岡山～三原)
金光,JR山陽本線(岡山～三原)
鴨方,JR山陽本線(岡山～三原)
里庄,JR山陽本線(岡山～三原)
笠岡,JR山陽本線(岡山～三原)
大門,JR山陽本線(岡山～三原)
東福山,JR山陽本線(岡山～三原)
福山,JR山陽本線(岡山～三原)
備後赤坂,JR山陽本線(岡山～三原)
松永,JR山陽本線(岡山～三原)
東尾道,JR山陽本線(岡山～三原)
尾道,JR山陽本線(岡山～三原)
糸崎,JR山陽本線(岡山～三原)
三原,JR山陽本線(岡山～三原)
三原,JR山陽本線(三原～岩国)
本郷,JR山陽本線(三原～岩国)
河内,JR山陽本線(三原～岩国)
入野,JR山陽本線(三原～岩国)
白市,JR山陽本線(三原～岩国)
西高屋,JR山陽本線(三原～岩国)
西条,JR山陽本線(三原～岩国)
寺家,JR山陽本線(三原～岩国)
八本松,JR山陽本線(三原～岩国)
瀬野,JR山陽本線(三原～岩国)
中野東,JR山陽本線(三原～岩国)
安芸中野,JR山陽本線(三原～岩国)
海田市,JR山陽本線(三原～岩国)
向洋,JR山陽本線(三原～岩国)
天神川,JR山陽本線(三原～岩国)
広島,JR山陽本線(三原～岩国)
新白島,JR山陽本線(三原～岩国)
横川,JR山陽本線(三原～岩国)
西広島,JR山陽本線(三原～岩国)
新井口,JR山陽本線(三原～岩国)
五日市,JR山陽本線(三原～岩国)
廿日市,JR山陽本線(三原～岩国)
宮内串戸,JR山陽本線(三原～岩国)
阿品,JR山陽本線(三原～岩国)
宮島口,JR山陽本線(三原～岩国)
前空,JR山陽本線(三原～岩国)
大野浦,JR山陽本線(三原～岩国)
玖波,JR山陽本線(三原～岩国)
大竹,JR山陽本線(三原～岩国)
和木,JR山陽本線(三原～岩国)
岩国,JR山陽本線(三原～岩国)
岩国,JR山陽本線(岩国～門司)
南岩国,JR山陽本線(岩国～門司)
藤生,JR山陽本線(岩国～門司)
通津,JR山陽本線(岩国～門司)
由宇,JR山陽本線(岩国～門司)
神代,JR山陽本線(岩国～門司)
大畠,JR山陽本線(岩国～門司)
柳井港,JR山陽本線(岩国～門司)
柳井,JR山陽本線(岩国～門司)
田布施,JR山陽本線(岩国～門司)
岩田,JR山陽本線(岩国～門司)
島田,JR山陽本線(岩国～門司)
光,JR山陽本線(岩国～門司)
下松,JR山陽本線(岩国～門司)
櫛ケ浜,JR山陽本線(岩国～門司)
徳山,JR山陽本線(岩国～門司)
新南陽,JR山陽本線(岩国～門司)
福川,JR山陽本線(岩国～門司)
戸田,JR山陽本線(岩国～門司)
富海,JR山陽本線(岩国～門司)
防府,JR山陽本線(岩国～門司)
大道,JR山陽本線(岩国～門司)
四辻,JR山陽本線(岩国～門司)
新山口,JR山陽本線(岩国～門司)
嘉川,JR山陽本線(岩国～門司)
本由良,JR山陽本線(岩国～門司)
厚東,JR山陽本線(岩国～門司)
宇部,JR山陽本線(岩国～門司)
小野田,JR山陽本線(岩国～門司)
厚狭,JR山陽本線(岩国～門司)
埴生,JR山陽本線(岩国～門司)
小月,JR山陽本線(岩国～門司)
長府,JR山陽本線(岩国～門司)
新下関,JR山陽本線(岩国～門司)
幡生,JR山陽本線(岩国～門司)
下関,JR山陽本線(岩国～門司)
門司,JR山陽本線(岩国～門司)
兵庫,JR山陽本線(兵庫～和田岬)
和田岬,JR山陽本線(兵庫～和田岬)
京都,嵯峨野線
梅小路京都西,嵯峨野線
丹波口,嵯峨野線
二条,嵯峨野線
円町,嵯峨野線
花園,嵯峨野線
太秦,嵯峨野線
嵯峨嵐山,嵯峨野線
保津峡,嵯峨野線
馬堀,嵯峨野線
亀岡,嵯峨野線
並河,嵯峨野線
千代川,嵯峨野線
八木,嵯峨野線
吉富,嵯峨野線
園部,嵯峨野線
園部,JR山陰本線(園部～豊岡)
船岡,JR山陰本線(園部～豊岡)
日吉,JR山陰本線(園部～豊岡)
鍼灸大学前,JR山陰本線(園部～豊岡)
胡麻,JR山陰本線(園部～豊岡)
下山,JR山陰本線(園部～豊岡)
和知,JR山陰本線(園部～豊岡)
安栖里,JR山陰本線(園部～豊岡)
立木,JR山陰本線(園部～豊岡)
山家,JR山陰本線(園部～豊岡)
綾部,JR山陰本線(園部～豊岡)
高津,JR山陰本線(園部～豊岡)
石原,JR山陰本線(園部～豊岡)
福知山,JR山陰本線(園部～豊岡)
上川口,JR山陰本線(園部～豊岡)
下夜久野,JR山陰本線(園部～豊岡)
上夜久野,JR山陰本線(園部～豊岡)
梁瀬,JR山陰本線(園部～豊岡)
和田山,JR山陰本線(園部～豊岡)
養父,JR山陰本線(園部～豊岡)
八鹿,JR山陰本線(園部～豊岡)
江原,JR山陰本線(園部～豊岡)
国府,JR山陰本線(園部～豊岡)
豊岡,JR山陰本線(園部～豊岡)
豊岡,JR山陰本線(豊岡～米子)
玄武洞,JR山陰本線(豊岡～米子)
城崎温泉,JR山陰本線(豊岡～米子)
竹野,JR山陰本線(豊岡～米子)
きりはまビーチ,JR山陰本線(豊岡～米子)
佐津,JR山陰本線(豊岡～米子)
柴山,JR山陰本線(豊岡～米子)
香住,JR山陰本線(豊岡～米子)
鎧,JR山陰本線(豊岡～米子)
餘部,JR山陰本線(豊岡～米子)
久谷,JR山陰本線(豊岡～米子)
浜坂,JR山陰本線(豊岡～米子)
諸寄,JR山陰本線(豊岡～米子)
居組,JR山陰本線(豊岡～米子)
東浜,JR山陰本線(豊岡～米子)
岩美,JR山陰本線(豊岡～米子)
大岩,JR山陰本線(豊岡～米子)
福部,JR山陰本線(豊岡～米子)
鳥取,JR山陰本線(豊岡～米子)
湖山,JR山陰本線(豊岡～米子)
鳥取大学前,JR山陰本線(豊岡～米子)
末恒,JR山陰本線(豊岡～米子)
宝木,JR山陰本線(豊岡～米子)
浜村,JR山陰本線(豊岡～米子)
青谷,JR山陰本線(豊岡～米子)
泊,JR山陰本線(豊岡～米子)
松崎,JR山陰本線(豊岡～米子)
倉吉,JR山陰本線(豊岡～米子)
下北条,JR山陰本線(豊岡～米子)
由良,JR山陰本線(豊岡～米子)
浦安,JR山陰本線(豊岡～米子)
八橋,JR山陰本線(豊岡～米子)
赤碕,JR山陰本線(豊岡～米子)
中山口,JR山陰本線(豊岡～米子)
下市,JR山陰本線(豊岡～米子)
御来屋,JR山陰本線(豊岡～米子)
名和,JR山陰本線(豊岡～米子)
大山口,JR山陰本線(豊岡～米子)
淀江,JR山陰本線(豊岡～米子)
伯耆大山,JR山陰本線(豊岡～米子)
東山公園,JR山陰本線(豊岡～米子)
米子,JR山陰本線(豊岡～米子)
木津,学研都市線
西木津,学研都市線
祝園,学研都市線
下狛,学研都市線
ＪＲ三山木,学研都市線
同志社前,学研都市線
京田辺,学研都市線
大住,学研都市線
松井山手,学研都市線
長尾,学研都市線
藤阪,学研都市線
津田,学研都市線
河内磐船,学研都市線
星田,学研都市線
寝屋川公園,学研都市線
忍ケ丘,学研都市線
四条畷,学研都市線
野崎,学研都市線
住道,学研都市線
鴻池新田,学研都市線
徳庵,学研都市線
放出,学研都市線
鴫野,学研都市線
京橋,学研都市線
京都,奈良線
東福寺,奈良線
稲荷,奈良線
ＪＲ藤森,奈良線
桃山,奈良線
六地蔵,奈良線
木幡,奈良線
黄檗,奈良線
宇治,奈良線
ＪＲ小倉,奈良線
新田,奈良線
城陽,奈良線
長池,奈良線
山城青谷,奈良線
山城多賀,奈良線
玉水,奈良線
棚倉,奈良線
上狛,奈良線
木津,奈良線
平城山,奈良線
奈良,奈良線
福知山,JR舞鶴線
石原,JR舞鶴線
高津,JR舞鶴線
綾部,JR舞鶴線
淵垣,JR舞鶴線
梅迫,JR舞鶴線
真倉,JR舞鶴線
西舞鶴,JR舞鶴線
東舞鶴,JR舞鶴線
天王寺,大阪環状線
新今宮,大阪環状線
今宮,大阪環状線
芦原橋,大阪環状線
大正,大阪環状線
弁天町,大阪環状線
西九条,大阪環状線
野田,大阪環状線
福島,大阪環状線
大阪,大阪環状線
天満,大阪環状線
桜ノ宮,大阪環状線
京橋,大阪環状線
大阪城公園,大阪環状線
森ノ宮,大阪環状線
玉造,大阪環状線
鶴橋,大阪環状線
桃谷,大阪環状線
寺田町,大阪環状線
西九条,JRゆめ咲線
安治川口,JRゆめ咲線
ユニバーサルシティ,JRゆめ咲線
桜島,JRゆめ咲線
京橋,JR東西線
大阪城北詰,JR東西線
大阪天満宮,JR東西線
北新地,JR東西線
新福島,JR東西線
海老江,JR東西線
御幣島,JR東西線
加島,JR東西線
尼崎,JR東西線
天王寺,阪和線(天王寺～和歌山)
美章園,阪和線(天王寺～和歌山)
南田辺,阪和線(天王寺～和歌山)
鶴ケ丘,阪和線(天王寺～和歌山)
長居,阪和線(天王寺～和歌山)
我孫子町,阪和線(天王寺～和歌山)
杉本町,阪和線(天王寺～和歌山)
浅香,阪和線(天王寺～和歌山)
堺市,阪和線(天王寺～和歌山)
三国ケ丘,阪和線(天王寺～和歌山)
百舌鳥,阪和線(天王寺～和歌山)
上野芝,阪和線(天王寺～和歌山)
津久野,阪和線(天王寺～和歌山)
鳳,阪和線(天王寺～和歌山)
富木,阪和線(天王寺～和歌山)
北信太,阪和線(天王寺～和歌山)
信太山,阪和線(天王寺～和歌山)
和泉府中,阪和線(天王寺～和歌山)
久米田,阪和線(天王寺～和歌山)
下松,阪和線(天王寺～和歌山)
東岸和田,阪和線(天王寺～和歌山)
東貝塚,阪和線(天王寺～和歌山)
和泉橋本,阪和線(天王寺～和歌山)
東佐野,阪和線(天王寺～和歌山)
熊取,阪和線(天王寺～和歌山)
日根野,阪和線(天王寺～和歌山)
長滝,阪和線(天王寺～和歌山)
新家,阪和線(天王寺～和歌山)
和泉砂川,阪和線(天王寺～和歌山)
和泉鳥取,阪和線(天王寺～和歌山)
山中渓,阪和線(天王寺～和歌山)
紀伊,阪和線(天王寺～和歌山)
六十谷,阪和線(天王寺～和歌山)
紀伊中ノ島,阪和線(天王寺～和歌山)
和歌山,阪和線(天王寺～和歌山)
鳳,羽衣線
東羽衣,羽衣線
日根野,JR関西空港線
りんくうタウン,JR関西空港線
関西空港,JR関西空港線
新大阪,JR宝塚線
大阪,JR宝塚線
塚本,JR宝塚線
尼崎,JR宝塚線
塚口,JR宝塚線
猪名寺,JR宝塚線
伊丹,JR宝塚線
北伊丹,JR宝塚線
川西池田,JR宝塚線
中山寺,JR宝塚線
宝塚,JR宝塚線
生瀬,JR宝塚線
西宮名塩,JR宝塚線
武田尾,JR宝塚線
道場,JR宝塚線
三田,JR宝塚線
新三田,JR宝塚線
広野,JR宝塚線
相野,JR宝塚線
藍本,JR宝塚線
草野,JR宝塚線
古市,JR宝塚線
南矢代,JR宝塚線
篠山口,JR宝塚線
篠山口,福知山線(篠山口～福知山)
丹波大山,福知山線(篠山口～福知山)
下滝,福知山線(篠山口～福知山)
谷川,福知山線(篠山口～福知山)
柏原,福知山線(篠山口～福知山)
石生,福知山線(篠山口～福知山)
黒井,福知山線(篠山口～福知山)
市島,福知山線(篠山口～福知山)
丹波竹田,福知山線(篠山口～福知山)
福知山,福知山線(篠山口～福知山)
相生,JR赤穂線
西相生,JR赤穂線
坂越,JR赤穂線
播州赤穂,JR赤穂線
天和,JR赤穂線
備前福河,JR赤穂線
寒河,JR赤穂線
日生,JR赤穂線
伊里,JR赤穂線
備前片上,JR赤穂線
西片上,JR赤穂線
伊部,JR赤穂線
香登,JR赤穂線
長船,JR赤穂線
邑久,JR赤穂線
大富,JR赤穂線
西大寺,JR赤穂線
大多羅,JR赤穂線
東岡山,JR赤穂線
高島,JR赤穂線
西川原,JR赤穂線
岡山,JR赤穂線
加古川,JR加古川線
日岡,JR加古川線
神野,JR加古川線
厄神,JR加古川線
市場,JR加古川線
小野町,JR加古川線
粟生,JR加古川線
河合西,JR加古川線
青野ケ原,JR加古川線
社町,JR加古川線
滝野,JR加古川線
滝,JR加古川線
西脇市,JR加古川線
新西脇,JR加古川線
比延,JR加古川線
日本へそ公園,JR加古川線
黒田庄,JR加古川線
本黒田,JR加古川線
船町口,JR加古川線
久下村,JR加古川線
谷川,JR加古川線
姫路,JR姫新線(姫路～佐用)
播磨高岡,JR姫新線(姫路～佐用)
余部,JR姫新線(姫路～佐用)
太市,JR姫新線(姫路～佐用)
本竜野,JR姫新線(姫路～佐用)
東觜崎,JR姫新線(姫路～佐用)
播磨新宮,JR姫新線(姫路～佐用)
千本,JR姫新線(姫路～佐用)
西栗栖,JR姫新線(姫路～佐用)
三日月,JR姫新線(姫路～佐用)
播磨徳久,JR姫新線(姫路～佐用)
佐用,JR姫新線(姫路～佐用)
佐用,JR姫新線(佐用～新見)
上月,JR姫新線(佐用～新見)
美作土居,JR姫新線(佐用～新見)
美作江見,JR姫新線(佐用～新見)
楢原,JR姫新線(佐用～新見)
林野,JR姫新線(佐用～新見)
勝間田,JR姫新線(佐用～新見)
西勝間田,JR姫新線(佐用～新見)
美作大崎,JR姫新線(佐用～新見)
東津山,JR姫新線(佐用～新見)
津山,JR姫新線(佐用～新見)
院庄,JR姫新線(佐用～新見)
美作千代,JR姫新線(佐用～新見)
坪井,JR姫新線(佐用～新見)
美作追分,JR姫新線(佐用～新見)
美作落合,JR姫新線(佐用～新見)
古見,JR姫新線(佐用～新見)
久世,JR姫新線(佐用～新見)
中国勝山,JR姫新線(佐用～新見)
月田,JR姫新線(佐用～新見)
富原,JR姫新線(佐用～新見)
刑部,JR姫新線(佐用～新見)
丹治部,JR姫新線(佐用～新見)
岩山,JR姫新線(佐用～新見)
新見,JR姫新線(佐用～新見)
姫路,JR播但線
京口,JR播但線
野里,JR播但線
砥堀,JR播但線
仁豊野,JR播但線
香呂,JR播但線
溝口,JR播但線
福崎,JR播但線
甘地,JR播但線
鶴居,JR播但線
新野,JR播但線
寺前,JR播但線
長谷,JR播但線
生野,JR播但線
新井,JR播但線
青倉,JR播但線
竹田,JR播但線
和田山,JR播但線
王寺,JR和歌山線
畠田,JR和歌山線
志都美,JR和歌山線
香芝,JR和歌山線
ＪＲ五位堂,JR和歌山線
高田,JR和歌山線
大和新庄,JR和歌山線
御所,JR和歌山線
玉手,JR和歌山線
掖上,JR和歌山線
吉野口,JR和歌山線
北宇智,JR和歌山線
五条,JR和歌山線
大和二見,JR和歌山線
隅田,JR和歌山線
下兵庫,JR和歌山線
橋本,JR和歌山線
紀伊山田,JR和歌山線
高野口,JR和歌山線
中飯降,JR和歌山線
妙寺,JR和歌山線
大谷,JR和歌山線
笠田,JR和歌山線
西笠田,JR和歌山線
名手,JR和歌山線
粉河,JR和歌山線
紀伊長田,JR和歌山線
打田,JR和歌山線
下井阪,JR和歌山線
岩出,JR和歌山線
船戸,JR和歌山線
紀伊小倉,JR和歌山線
布施屋,JR和歌山線
千旦,JR和歌山線
田井ノ瀬,JR和歌山線
和歌山,JR和歌山線
奈良,万葉まほろば線
京終,万葉まほろば線
帯解,万葉まほろば線
櫟本,万葉まほろば線
天理,万葉まほろば線
長柄,万葉まほろば線
柳本,万葉まほろば線
巻向,万葉まほろば線
三輪,万葉まほろば線
桜井,万葉まほろば線
香久山,万葉まほろば線
畝傍,万葉まほろば線
金橋,万葉まほろば線
高田,万葉まほろば線
新宮,きのくに線
三輪崎,きのくに線
紀伊佐野,きのくに線
宇久井,きのくに線
那智,きのくに線
紀伊天満,きのくに線
紀伊勝浦,きのくに線
湯川,きのくに線
太地,きのくに線
下里,きのくに線
紀伊浦神,きのくに線
紀伊田原,きのくに線
古座,きのくに線
紀伊姫,きのくに線
串本,きのくに線
紀伊有田,きのくに線
田並,きのくに線
田子,きのくに線
和深,きのくに線
江住,きのくに線
見老津,きのくに線
周参見,きのくに線
紀伊日置,きのくに線
椿,きのくに線
紀伊富田,きのくに線
白浜,きのくに線
朝来,きのくに線
紀伊新庄,きのくに線
紀伊田辺,きのくに線
芳養,きのくに線
南部,きのくに線
岩代,きのくに線
切目,きのくに線
印南,きのくに線
稲原,きのくに線
和佐,きのくに線
道成寺,きのくに線
御坊,きのくに線
紀伊内原,きのくに線
紀伊由良,きのくに線
広川ビーチ,きのくに線
湯浅,きのくに線
藤並,きのくに線
紀伊宮原,きのくに線
箕島,きのくに線
初島,きのくに線
下津,きのくに線
加茂郷,きのくに線
冷水浦,きのくに線
海南,きのくに線
黒江,きのくに線
紀三井寺,きのくに線
宮前,きのくに線
和歌山,きのくに線
和歌山,紀勢本線(和歌山～和歌山市)
紀和,紀勢本線(和歌山～和歌山市)
和歌山市,紀勢本線(和歌山～和歌山市)
大阪,おおさか東線
新大阪,おおさか東線
南吹田,おおさか東線
JR淡路,おおさか東線
城北公園通,おおさか東線
JR野江,おおさか東線
鴫野,おおさか東線
放出,おおさか東線
高井田中央,おおさか東線
ＪＲ河内永和,おおさか東線
ＪＲ俊徳道,おおさか東線
ＪＲ長瀬,おおさか東線
衣摺加美北,おおさか東線
新加美,おおさか東線
久宝寺,おおさか東線
米子,JR山陰本線(米子～益田)
安来,JR山陰本線(米子～益田)
荒島,JR山陰本線(米子～益田)
揖屋,JR山陰本線(米子～益田)
東松江,JR山陰本線(米子～益田)
松江,JR山陰本線(米子～益田)
乃木,JR山陰本線(米子～益田)
玉造温泉,JR山陰本線(米子～益田)
来待,JR山陰本線(米子～益田)
宍道,JR山陰本線(米子～益田)
荘原,JR山陰本線(米子～益田)
直江,JR山陰本線(米子～益田)
出雲市,JR山陰本線(米子～益田)
西出雲,JR山陰本線(米子～益田)
出雲神西,JR山陰本線(米子～益田)
江南,JR山陰本線(米子～益田)
小田,JR山陰本線(米子～益田)
田儀,JR山陰本線(米子～益田)
波根,JR山陰本線(米子～益田)
久手,JR山陰本線(米子～益田)
大田市,JR山陰本線(米子～益田)
静間,JR山陰本線(米子～益田)
五十猛,JR山陰本線(米子～益田)
仁万,JR山陰本線(米子～益田)
馬路,JR山陰本線(米子～益田)
湯里,JR山陰本線(米子～益田)
温泉津,JR山陰本線(米子～益田)
石見福光,JR山陰本線(米子～益田)
黒松,JR山陰本線(米子～益田)
浅利,JR山陰本線(米子～益田)
江津,JR山陰本線(米子～益田)
都野津,JR山陰本線(米子～益田)
敬川,JR山陰本線(米子～益田)
波子,JR山陰本線(米子～益田)
久代,JR山陰本線(米子～益田)
下府,JR山陰本線(米子～益田)
浜田,JR山陰本線(米子～益田)
西浜田,JR山陰本線(米子～益田)
周布,JR山陰本線(米子～益田)
折居,JR山陰本線(米子～益田)
三保三隅,JR山陰本線(米子～益田)
岡見,JR山陰本線(米子～益田)
鎌手,JR山陰本線(米子～益田)
石見津田,JR山陰本線(米子～益田)
益田,JR山陰本線(米子～益田)
益田,JR山陰本線(益田～下関)
戸田小浜,JR山陰本線(益田～下関)
飯浦,JR山陰本線(益田～下関)
江崎,JR山陰本線(益田～下関)
須佐,JR山陰本線(益田～下関)
宇田郷,JR山陰本線(益田～下関)
木与,JR山陰本線(益田～下関)
奈古,JR山陰本線(益田～下関)
長門大井,JR山陰本線(益田～下関)
越ケ浜,JR山陰本線(益田～下関)
東萩,JR山陰本線(益田～下関)
萩,JR山陰本線(益田～下関)
玉江,JR山陰本線(益田～下関)
三見,JR山陰本線(益田～下関)
飯井,JR山陰本線(益田～下関)
長門三隅,JR山陰本線(益田～下関)
長門市,JR山陰本線(益田～下関)
黄波戸,JR山陰本線(益田～下関)
長門古市,JR山陰本線(益田～下関)
人丸,JR山陰本線(益田～下関)
伊上,JR山陰本線(益田～下関)
長門粟野,JR山陰本線(益田～下関)
阿川,JR山陰本線(益田～下関)
特牛,JR山陰本線(益田～下関)
滝部,JR山陰本線(益田～下関)
長門二見,JR山陰本線(益田～下関)
宇賀本郷,JR山陰本線(益田～下関)
湯玉,JR山陰本線(益田～下関)
小串,JR山陰本線(益田～下関)
川棚温泉,JR山陰本線(益田～下関)
黒井村,JR山陰本線(益田～下関)
梅ケ峠,JR山陰本線(益田～下関)
吉見,JR山陰本線(益田～下関)
福江,JR山陰本線(益田～下関)
安岡,JR山陰本線(益田～下関)
梶栗郷台地,JR山陰本線(益田～下関)
綾羅木,JR山陰本線(益田～下関)
幡生,JR山陰本線(益田～下関)
下関,JR山陰本線(益田～下関)
門司,JR山陰本線(益田～下関)
岡山,JR伯備線
北長瀬,JR伯備線
庭瀬,JR伯備線
中庄,JR伯備線
倉敷,JR伯備線
清音,JR伯備線
総社,JR伯備線
豪渓,JR伯備線
日羽,JR伯備線
美袋,JR伯備線
備中広瀬,JR伯備線
備中高梁,JR伯備線
木野山,JR伯備線
備中川面,JR伯備線
方谷,JR伯備線
井倉,JR伯備線
石蟹,JR伯備線
新見,JR伯備線
備中神代,JR伯備線
足立,JR伯備線
新郷,JR伯備線
上石見,JR伯備線
生山,JR伯備線
上菅,JR伯備線
黒坂,JR伯備線
根雨,JR伯備線
武庫,JR伯備線
江尾,JR伯備線
伯耆溝口,JR伯備線
岸本,JR伯備線
伯耆大山,JR伯備線
東山公園,JR伯備線
米子,JR伯備線
鳥取,JR因美線
津ノ井,JR因美線
東郡家,JR因美線
郡家,JR因美線
河原,JR因美線
国英,JR因美線
鷹狩,JR因美線
用瀬,JR因美線
因幡社,JR因美線
智頭,JR因美線
土師,JR因美線
那岐,JR因美線
美作河井,JR因美線
知和,JR因美線
美作加茂,JR因美線
三浦,JR因美線
美作滝尾,JR因美線
高野,JR因美線
東津山,JR因美線
津山,JR因美線
米子,JR境線
博労町,JR境線
富士見町,JR境線
後藤,JR境線
三本松口,JR境線
河崎口,JR境線
弓ケ浜,JR境線
和田浜,JR境線
大篠津町,JR境線
米子空港,JR境線
中浜,JR境線
高松町,JR境線
余子,JR境線
上道,JR境線
馬場崎町,JR境線
境港,JR境線
宍道,JR木次線
南宍道,JR木次線
加茂中,JR木次線
幡屋,JR木次線
出雲大東,JR木次線
南大東,JR木次線
木次,JR木次線
日登,JR木次線
下久野,JR木次線
出雲八代,JR木次線
出雲三成,JR木次線
亀嵩,JR木次線
出雲横田,JR木次線
八川,JR木次線
出雲坂根,JR木次線
三井野原,JR木次線
油木,JR木次線
備後落合,JR木次線
江津,JR三江線
江津本町,JR三江線
千金,JR三江線
川平,JR三江線
川戸,JR三江線
田津,JR三江線
石見川越,JR三江線
鹿賀,JR三江線
因原,JR三江線
石見川本,JR三江線
木路原,JR三江線
竹,JR三江線
乙原,JR三江線
石見簗瀬,JR三江線
明塚,JR三江線
粕淵,JR三江線
浜原,JR三江線
沢谷,JR三江線
潮,JR三江線
石見松原,JR三江線
石見都賀,JR三江線
宇都井,JR三江線
伊賀和志,JR三江線
口羽,JR三江線
江平,JR三江線
作木口,JR三江線
香淀,JR三江線
式敷,JR三江線
信木,JR三江線
所木,JR三江線
船佐,JR三江線
長谷,JR三江線
粟屋,JR三江線
尾関山,JR三江線
三次,JR三江線
新山口,JR山口線
周防下郷,JR山口線
上郷,JR山口線
仁保津,JR山口線
大歳,JR山口線
矢原,JR山口線
湯田温泉,JR山口線
山口,JR山口線
上山口,JR山口線
宮野,JR山口線
仁保,JR山口線
篠目,JR山口線
長門峡,JR山口線
渡川,JR山口線
三谷,JR山口線
名草,JR山口線
地福,JR山口線
鍋倉,JR山口線
徳佐,JR山口線
船平山,JR山口線
津和野,JR山口線
青野山,JR山口線
日原,JR山口線
青原,JR山口線
東青原,JR山口線
石見横田,JR山口線
本俣賀,JR山口線
益田,JR山口線
岡山,JR宇野線
大元,JR宇野線
備前西市,JR宇野線
妹尾,JR宇野線
備中箕島,JR宇野線
早島,JR宇野線
久々原,JR宇野線
茶屋町,JR宇野線
彦崎,JR宇野線
備前片岡,JR宇野線
迫川,JR宇野線
常山,JR宇野線
八浜,JR宇野線
備前田井,JR宇野線
宇野,JR宇野線
茶屋町,瀬戸大橋線
植松,瀬戸大橋線
木見,瀬戸大橋線
上の町,瀬戸大橋線
児島,瀬戸大橋線
宇多津,瀬戸大橋線
岡山,JR吉備線
備前三門,JR吉備線
大安寺,JR吉備線
備前一宮,JR吉備線
吉備津,JR吉備線
備中高松,JR吉備線
足守,JR吉備線
服部,JR吉備線
東総社,JR吉備線
総社,JR吉備線
新見,JR芸備線
布原,JR芸備線
備中神代,JR芸備線
坂根,JR芸備線
市岡,JR芸備線
矢神,JR芸備線
野馳,JR芸備線
東城,JR芸備線
備後八幡,JR芸備線
内名,JR芸備線
小奴可,JR芸備線
道後山,JR芸備線
備後落合,JR芸備線
比婆山,JR芸備線
備後西城,JR芸備線
平子,JR芸備線
高,JR芸備線
備後庄原,JR芸備線
備後三日市,JR芸備線
七塚,JR芸備線
山ノ内,JR芸備線
下和知,JR芸備線
塩町,JR芸備線
神杉,JR芸備線
八次,JR芸備線
三次,JR芸備線
西三次,JR芸備線
志和地,JR芸備線
上川立,JR芸備線
甲立,JR芸備線
吉田口,JR芸備線
向原,JR芸備線
井原市,JR芸備線
志和口,JR芸備線
上三田,JR芸備線
中三田,JR芸備線
白木山,JR芸備線
狩留家,JR芸備線
上深川,JR芸備線
中深川,JR芸備線
下深川,JR芸備線
玖村,JR芸備線
安芸矢口,JR芸備線
戸坂,JR芸備線
矢賀,JR芸備線
広島,JR芸備線
津山,JR津山線
津山口,JR津山線
佐良山,JR津山線
亀甲,JR津山線
小原,JR津山線
誕生寺,JR津山線
弓削,JR津山線
神目,JR津山線
福渡,JR津山線
建部,JR津山線
金川,JR津山線
野々口,JR津山線
牧山,JR津山線
玉柏,JR津山線
備前原,JR津山線
法界院,JR津山線
岡山,JR津山線
糸崎,JR呉線
三原,JR呉線
須波,JR呉線
安芸幸崎,JR呉線
忠海,JR呉線
安芸長浜,JR呉線
大乗,JR呉線
竹原,JR呉線
吉名,JR呉線
安芸津,JR呉線
風早,JR呉線
安浦,JR呉線
安登,JR呉線
安芸川尻,JR呉線
仁方,JR呉線
広,JR呉線
新広,JR呉線
安芸阿賀,JR呉線
呉,JR呉線
川原石,JR呉線
吉浦,JR呉線
かるが浜,JR呉線
天応,JR呉線
呉ポートピア,JR呉線
小屋浦,JR呉線
水尻,JR呉線
坂,JR呉線
矢野,JR呉線
海田市,JR呉線
向洋,JR呉線
天神川,JR呉線
広島,JR呉線
広島,JR可部線
新白島,JR可部線
横川,JR可部線
三滝,JR可部線
安芸長束,JR可部線
下祇園,JR可部線
古市橋,JR可部線
大町,JR可部線
緑井,JR可部線
七軒茶屋,JR可部線
梅林,JR可部線
上八木,JR可部線
中島,JR可部線
可部,JR可部線
河戸帆待川,JR可部線
あき亀山,JR可部線
福山,JR福塩線
備後本庄,JR福塩線
横尾,JR福塩線
神辺,JR福塩線
湯田村,JR福塩線
道上,JR福塩線
万能倉,JR福塩線
駅家,JR福塩線
近田,JR福塩線
戸手,JR福塩線
上戸手,JR福塩線
新市,JR福塩線
高木,JR福塩線
鵜飼,JR福塩線
府中,JR福塩線
下川辺,JR福塩線
中畑,JR福塩線
河佐,JR福塩線
備後三川,JR福塩線
備後矢野,JR福塩線
上下,JR福塩線
甲奴,JR福塩線
梶田,JR福塩線
備後安田,JR福塩線
吉舎,JR福塩線
三良坂,JR福塩線
塩町,JR福塩線
神杉,JR福塩線
八次,JR福塩線
三次,JR福塩線
新山口,JR宇部線
上嘉川,JR宇部線
深溝,JR宇部線
周防佐山,JR宇部線
岩倉,JR宇部線
阿知須,JR宇部線
岐波,JR宇部線
丸尾,JR宇部線
床波,JR宇部線
常盤,JR宇部線
草江,JR宇部線
宇部岬,JR宇部線
東新川,JR宇部線
琴芝,JR宇部線
宇部新川,JR宇部線
居能,JR宇部線
岩鼻,JR宇部線
宇部,JR宇部線
厚狭,JR美祢線
湯ノ峠,JR美祢線
厚保,JR美祢線
四郎ケ原,JR美祢線
南大嶺,JR美祢線
美祢,JR美祢線
重安,JR美祢線
於福,JR美祢線
渋木,JR美祢線
長門湯本,JR美祢線
板持,JR美祢線
長門市,JR美祢線
仙崎,JR美祢線
宇部新川,JR小野田線
居能,JR小野田線
妻崎,JR小野田線
長門長沢,JR小野田線
雀田,JR小野田線
小野田港,JR小野田線
南小野田,JR小野田線
南中川,JR小野田線
目出,JR小野田線
小野田,JR小野田線
浜河内,JR小野田線
長門本山,JR小野田線
岩国,JR岩徳線
西岩国,JR岩徳線
川西,JR岩徳線
柱野,JR岩徳線
欽明路,JR岩徳線
玖珂,JR岩徳線
周防高森,JR岩徳線
米川,JR岩徳線
高水,JR岩徳線
勝間,JR岩徳線
大河内,JR岩徳線
周防久保,JR岩徳線
生野屋,JR岩徳線
周防花岡,JR岩徳線
櫛ケ浜,JR岩徳線
徳山,JR岩徳線
多度津,JR土讃線
金蔵寺,JR土讃線
善通寺,JR土讃線
琴平,JR土讃線
塩入,JR土讃線
黒川,JR土讃線
讃岐財田,JR土讃線
坪尻,JR土讃線
箸蔵,JR土讃線
佃,JR土讃線
阿波池田,JR土讃線
三縄,JR土讃線
祖谷口,JR土讃線
阿波川口,JR土讃線
小歩危,JR土讃線
大歩危,JR土讃線
土佐岩原,JR土讃線
豊永,JR土讃線
大田口,JR土讃線
土佐穴内,JR土讃線
大杉,JR土讃線
土佐北川,JR土讃線
角茂谷,JR土讃線
繁藤,JR土讃線
新改,JR土讃線
土佐山田,JR土讃線
山田西町,JR土讃線
土佐長岡,JR土讃線
後免,JR土讃線
土佐大津,JR土讃線
布師田,JR土讃線
土佐一宮,JR土讃線
薊野,JR土讃線
高知,JR土讃線
入明,JR土讃線
円行寺口,JR土讃線
旭,JR土讃線
高知商業前,JR土讃線
朝倉,JR土讃線
枝川,JR土讃線
伊野,JR土讃線
波川,JR土讃線
小村神社前,JR土讃線
日下,JR土讃線
岡花,JR土讃線
土佐加茂,JR土讃線
西佐川,JR土讃線
佐川,JR土讃線
襟野々,JR土讃線
斗賀野,JR土讃線
吾桑,JR土讃線
多ノ郷,JR土讃線
大間,JR土讃線
須崎,JR土讃線
土佐新荘,JR土讃線
安和,JR土讃線
土佐久礼,JR土讃線
影野,JR土讃線
六反地,JR土讃線
仁井田,JR土讃線
窪川,JR土讃線
高松,JR高徳線
昭和町,JR高徳線
栗林公園北口,JR高徳線
栗林,JR高徳線
木太町,JR高徳線
屋島,JR高徳線
古高松南,JR高徳線
八栗口,JR高徳線
讃岐牟礼,JR高徳線
志度,JR高徳線
オレンジタウン,JR高徳線
造田,JR高徳線
神前,JR高徳線
讃岐津田,JR高徳線
鶴羽,JR高徳線
丹生,JR高徳線
三本松,JR高徳線
讃岐白鳥,JR高徳線
引田,JR高徳線
讃岐相生,JR高徳線
阿波大宮,JR高徳線
板野,JR高徳線
阿波川端,JR高徳線
板東,JR高徳線
池谷,JR高徳線
勝瑞,JR高徳線
吉成,JR高徳線
佐古,JR高徳線
徳島,JR高徳線
徳島,よしの川ブルーライン
佐古,よしの川ブルーライン
蔵本,よしの川ブルーライン
鮎喰,よしの川ブルーライン
府中,よしの川ブルーライン
石井,よしの川ブルーライン
下浦,よしの川ブルーライン
牛島,よしの川ブルーライン
麻植塚,よしの川ブルーライン
鴨島,よしの川ブルーライン
西麻植,よしの川ブルーライン
阿波川島,よしの川ブルーライン
学,よしの川ブルーライン
山瀬,よしの川ブルーライン
阿波山川,よしの川ブルーライン
川田,よしの川ブルーライン
穴吹,よしの川ブルーライン
小島,よしの川ブルーライン
貞光,よしの川ブルーライン
阿波半田,よしの川ブルーライン
江口,よしの川ブルーライン
三加茂,よしの川ブルーライン
阿波加茂,よしの川ブルーライン
辻,よしの川ブルーライン
佃,よしの川ブルーライン
阿波池田,よしの川ブルーライン
徳島,JR牟岐線
阿波富田,JR牟岐線
二軒屋,JR牟岐線
文化の森,JR牟岐線
地蔵橋,JR牟岐線
中田,JR牟岐線
南小松島,JR牟岐線
阿波赤石,JR牟岐線
立江,JR牟岐線
羽ノ浦,JR牟岐線
西原,JR牟岐線
阿波中島,JR牟岐線
阿南,JR牟岐線
見能林,JR牟岐線
阿波橘,JR牟岐線
桑野,JR牟岐線
新野,JR牟岐線
阿波福井,JR牟岐線
由岐,JR牟岐線
田井ノ浜,JR牟岐線
木岐,JR牟岐線
北河内,JR牟岐線
日和佐,JR牟岐線
山河内,JR牟岐線
辺川,JR牟岐線
牟岐,JR牟岐線
鯖瀬,JR牟岐線
浅川,JR牟岐線
阿波海南,JR牟岐線
鳴門,JR鳴門線
撫養,JR鳴門線
金比羅前,JR鳴門線
教会前,JR鳴門線
立道,JR鳴門線
阿波大谷,JR鳴門線
池谷,JR鳴門線
高松,JR予讃線
香西,JR予讃線
鬼無,JR予讃線
端岡,JR予讃線
国分,JR予讃線
讃岐府中,JR予讃線
鴨川,JR予讃線
八十場,JR予讃線
坂出,JR予讃線
宇多津,JR予讃線
丸亀,JR予讃線
讃岐塩屋,JR予讃線
多度津,JR予讃線
海岸寺,JR予讃線
津島ノ宮,JR予讃線
詫間,JR予讃線
みの,JR予讃線
高瀬,JR予讃線
比地大,JR予讃線
本山,JR予讃線
観音寺,JR予讃線
豊浜,JR予讃線
箕浦,JR予讃線
川之江,JR予讃線
伊予三島,JR予讃線
伊予寒川,JR予讃線
赤星,JR予讃線
伊予土居,JR予讃線
関川,JR予讃線
多喜浜,JR予讃線
新居浜,JR予讃線
中萩,JR予讃線
伊予西条,JR予讃線
石鎚山,JR予讃線
伊予氷見,JR予讃線
伊予小松,JR予讃線
玉之江,JR予讃線
壬生川,JR予讃線
伊予三芳,JR予讃線
伊予桜井,JR予讃線
伊予富田,JR予讃線
今治,JR予讃線
波止浜,JR予讃線
波方,JR予讃線
大西,JR予讃線
伊予亀岡,JR予讃線
菊間,JR予讃線
浅海,JR予讃線
大浦,JR予讃線
伊予北条,JR予讃線
柳原,JR予讃線
粟井,JR予讃線
光洋台,JR予讃線
堀江,JR予讃線
伊予和気,JR予讃線
三津浜,JR予讃線
松山,JR予讃線
松山,JR予讃・内子線
市坪,JR予讃・内子線
北伊予,JR予讃・内子線
南伊予,JR予讃・内子線
伊予横田,JR予讃・内子線
鳥ノ木,JR予讃・内子線
伊予市,JR予讃・内子線
向井原,JR予讃・内子線
伊予大平,JR予讃・内子線
伊予中山,JR予讃・内子線
伊予立川,JR予讃・内子線
内子,JR予讃・内子線
五十崎,JR予讃・内子線
喜多山,JR予讃・内子線
新谷,JR予讃・内子線
高野川,JR予讃・内子線
伊予上灘,JR予讃・内子線
下灘,JR予讃・内子線
串,JR予讃・内子線
喜多灘,JR予讃・内子線
伊予長浜,JR予讃・内子線
伊予出石,JR予讃・内子線
伊予白滝,JR予讃・内子線
八多喜,JR予讃・内子線
春賀,JR予讃・内子線
五郎,JR予讃・内子線
伊予大洲,JR予讃・内子線
西大洲,JR予讃・内子線
伊予平野,JR予讃・内子線
千丈,JR予讃・内子線
八幡浜,JR予讃・内子線
双岩,JR予讃・内子線
伊予石城,JR予讃・内子線
上宇和,JR予讃・内子線
卯之町,JR予讃・内子線
下宇和,JR予讃・内子線
立間,JR予讃・内子線
伊予吉田,JR予讃・内子線
高光,JR予讃・内子線
北宇和島,JR予讃・内子線
宇和島,JR予讃・内子線
窪川,しまんとグリーンライン
若井,しまんとグリーンライン
家地川,しまんとグリーンライン
打井川,しまんとグリーンライン
土佐大正,しまんとグリーンライン
土佐昭和,しまんとグリーンライン
十川,しまんとグリーンライン
半家,しまんとグリーンライン
江川崎,しまんとグリーンライン
西ケ方,しまんとグリーンライン
真土,しまんとグリーンライン
吉野生,しまんとグリーンライン
松丸,しまんとグリーンライン
出目,しまんとグリーンライン
近永,しまんとグリーンライン
深田,しまんとグリーンライン
大内,しまんとグリーンライン
二名,しまんとグリーンライン
伊予宮野下,しまんとグリーンライン
務田,しまんとグリーンライン
北宇和島,しまんとグリーンライン
宇和島,しまんとグリーンライン
博多,JR博多南線
博多南,JR博多南線
下関,JR鹿児島本線(下関・門司港～博多)
門司港,JR鹿児島本線(下関・門司港～博多)
小森江,JR鹿児島本線(下関・門司港～博多)
門司,JR鹿児島本線(下関・門司港～博多)
小倉,JR鹿児島本線(下関・門司港～博多)
西小倉,JR鹿児島本線(下関・門司港～博多)
九州工大前,JR鹿児島本線(下関・門司港～博多)
戸畑,JR鹿児島本線(下関・門司港～博多)
枝光,JR鹿児島本線(下関・門司港～博多)
スペースワールド,JR鹿児島本線(下関・門司港～博多)
八幡,JR鹿児島本線(下関・門司港～博多)
黒崎,JR鹿児島本線(下関・門司港～博多)
陣原,JR鹿児島本線(下関・門司港～博多)
折尾,JR鹿児島本線(下関・門司港～博多)
水巻,JR鹿児島本線(下関・門司港～博多)
遠賀川,JR鹿児島本線(下関・門司港～博多)
海老津,JR鹿児島本線(下関・門司港～博多)
教育大前,JR鹿児島本線(下関・門司港～博多)
赤間,JR鹿児島本線(下関・門司港～博多)
東郷,JR鹿児島本線(下関・門司港～博多)
東福間,JR鹿児島本線(下関・門司港～博多)
福間,JR鹿児島本線(下関・門司港～博多)
千鳥,JR鹿児島本線(下関・門司港～博多)
古賀,JR鹿児島本線(下関・門司港～博多)
ししぶ,JR鹿児島本線(下関・門司港～博多)
新宮中央,JR鹿児島本線(下関・門司港～博多)
福工大前,JR鹿児島本線(下関・門司港～博多)
九産大前,JR鹿児島本線(下関・門司港～博多)
香椎,JR鹿児島本線(下関・門司港～博多)
千早,JR鹿児島本線(下関・門司港～博多)
箱崎,JR鹿児島本線(下関・門司港～博多)
吉塚,JR鹿児島本線(下関・門司港～博多)
博多,JR鹿児島本線(下関・門司港～博多)
博多,JR鹿児島本線(博多～八代)
竹下,JR鹿児島本線(博多～八代)
笹原,JR鹿児島本線(博多～八代)
南福岡,JR鹿児島本線(博多～八代)
春日,JR鹿児島本線(博多～八代)
大野城,JR鹿児島本線(博多～八代)
水城,JR鹿児島本線(博多～八代)
都府楼南,JR鹿児島本線(博多～八代)
二日市,JR鹿児島本線(博多～八代)
天拝山,JR鹿児島本線(博多～八代)
原田,JR鹿児島本線(博多～八代)
けやき台,JR鹿児島本線(博多～八代)
基山,JR鹿児島本線(博多～八代)
弥生が丘,JR鹿児島本線(博多～八代)
田代,JR鹿児島本線(博多～八代)
鳥栖,JR鹿児島本線(博多～八代)
肥前旭,JR鹿児島本線(博多～八代)
久留米,JR鹿児島本線(博多～八代)
荒木,JR鹿児島本線(博多～八代)
西牟田,JR鹿児島本線(博多～八代)
羽犬塚,JR鹿児島本線(博多～八代)
筑後船小屋,JR鹿児島本線(博多～八代)
瀬高,JR鹿児島本線(博多～八代)
南瀬高,JR鹿児島本線(博多～八代)
渡瀬,JR鹿児島本線(博多～八代)
吉野,JR鹿児島本線(博多～八代)
銀水,JR鹿児島本線(博多～八代)
大牟田,JR鹿児島本線(博多～八代)
荒尾,JR鹿児島本線(博多～八代)
南荒尾,JR鹿児島本線(博多～八代)
長洲,JR鹿児島本線(博多～八代)
大野下,JR鹿児島本線(博多～八代)
玉名,JR鹿児島本線(博多～八代)
肥後伊倉,JR鹿児島本線(博多～八代)
木葉,JR鹿児島本線(博多～八代)
田原坂,JR鹿児島本線(博多～八代)
植木,JR鹿児島本線(博多～八代)
西里,JR鹿児島本線(博多～八代)
崇城大学前,JR鹿児島本線(博多～八代)
上熊本,JR鹿児島本線(博多～八代)
熊本,JR鹿児島本線(博多～八代)
西熊本,JR鹿児島本線(博多～八代)
川尻,JR鹿児島本線(博多～八代)
富合,JR鹿児島本線(博多～八代)
宇土,JR鹿児島本線(博多～八代)
松橋,JR鹿児島本線(博多～八代)
小川,JR鹿児島本線(博多～八代)
有佐,JR鹿児島本線(博多～八代)
千丁,JR鹿児島本線(博多～八代)
新八代,JR鹿児島本線(博多～八代)
八代,JR鹿児島本線(博多～八代)
川内,JR鹿児島本線(川内～鹿児島)
隈之城,JR鹿児島本線(川内～鹿児島)
木場茶屋,JR鹿児島本線(川内～鹿児島)
串木野,JR鹿児島本線(川内～鹿児島)
神村学園前,JR鹿児島本線(川内～鹿児島)
市来,JR鹿児島本線(川内～鹿児島)
湯之元,JR鹿児島本線(川内～鹿児島)
東市来,JR鹿児島本線(川内～鹿児島)
伊集院,JR鹿児島本線(川内～鹿児島)
薩摩松元,JR鹿児島本線(川内～鹿児島)
上伊集院,JR鹿児島本線(川内～鹿児島)
広木,JR鹿児島本線(川内～鹿児島)
鹿児島中央,JR鹿児島本線(川内～鹿児島)
鹿児島,JR鹿児島本線(川内～鹿児島)
鳥栖,JR長崎本線(鳥栖～長崎)
新鳥栖,JR長崎本線(鳥栖～長崎)
肥前麓,JR長崎本線(鳥栖～長崎)
中原,JR長崎本線(鳥栖～長崎)
吉野ケ里公園,JR長崎本線(鳥栖～長崎)
神埼,JR長崎本線(鳥栖～長崎)
伊賀屋,JR長崎本線(鳥栖～長崎)
佐賀,JR長崎本線(鳥栖～長崎)
鍋島,JR長崎本線(鳥栖～長崎)
バルーンさが,JR長崎本線(鳥栖～長崎)
久保田,JR長崎本線(鳥栖～長崎)
牛津,JR長崎本線(鳥栖～長崎)
江北,JR長崎本線(鳥栖～長崎)
肥前白石,JR長崎本線(鳥栖～長崎)
肥前竜王,JR長崎本線(鳥栖～長崎)
肥前鹿島,JR長崎本線(鳥栖～長崎)
肥前浜,JR長崎本線(鳥栖～長崎)
肥前七浦,JR長崎本線(鳥栖～長崎)
肥前飯田,JR長崎本線(鳥栖～長崎)
多良,JR長崎本線(鳥栖～長崎)
肥前大浦,JR長崎本線(鳥栖～長崎)
小長井,JR長崎本線(鳥栖～長崎)
長里,JR長崎本線(鳥栖～長崎)
湯江,JR長崎本線(鳥栖～長崎)
小江,JR長崎本線(鳥栖～長崎)
肥前長田,JR長崎本線(鳥栖～長崎)
東諫早,JR長崎本線(鳥栖～長崎)
諫早,JR長崎本線(鳥栖～長崎)
西諫早,JR長崎本線(鳥栖～長崎)
喜々津,JR長崎本線(鳥栖～長崎)
市布,JR長崎本線(鳥栖～長崎)
肥前古賀,JR長崎本線(鳥栖～長崎)
現川,JR長崎本線(鳥栖～長崎)
東園,JR長崎本線(鳥栖～長崎)
大草,JR長崎本線(鳥栖～長崎)
本川内,JR長崎本線(鳥栖～長崎)
長与,JR長崎本線(鳥栖～長崎)
高田,JR長崎本線(鳥栖～長崎)
道ノ尾,JR長崎本線(鳥栖～長崎)
西浦上,JR長崎本線(鳥栖～長崎)
浦上,JR長崎本線(鳥栖～長崎)
長崎,JR長崎本線(鳥栖～長崎)
門司港,JR日豊本線(門司港～佐伯)
小森江,JR日豊本線(門司港～佐伯)
門司,JR日豊本線(門司港～佐伯)
小倉,JR日豊本線(門司港～佐伯)
西小倉,JR日豊本線(門司港～佐伯)
南小倉,JR日豊本線(門司港～佐伯)
城野,JR日豊本線(門司港～佐伯)
安部山公園,JR日豊本線(門司港～佐伯)
下曽根,JR日豊本線(門司港～佐伯)
朽網,JR日豊本線(門司港～佐伯)
苅田,JR日豊本線(門司港～佐伯)
小波瀬西工大前,JR日豊本線(門司港～佐伯)
行橋,JR日豊本線(門司港～佐伯)
南行橋,JR日豊本線(門司港～佐伯)
新田原,JR日豊本線(門司港～佐伯)
築城,JR日豊本線(門司港～佐伯)
椎田,JR日豊本線(門司港～佐伯)
豊前松江,JR日豊本線(門司港～佐伯)
宇島,JR日豊本線(門司港～佐伯)
三毛門,JR日豊本線(門司港～佐伯)
吉富,JR日豊本線(門司港～佐伯)
中津,JR日豊本線(門司港～佐伯)
東中津,JR日豊本線(門司港～佐伯)
今津,JR日豊本線(門司港～佐伯)
天津,JR日豊本線(門司港～佐伯)
豊前善光寺,JR日豊本線(門司港～佐伯)
柳ケ浦,JR日豊本線(門司港～佐伯)
豊前長洲,JR日豊本線(門司港～佐伯)
宇佐,JR日豊本線(門司港～佐伯)
西屋敷,JR日豊本線(門司港～佐伯)
立石,JR日豊本線(門司港～佐伯)
中山香,JR日豊本線(門司港～佐伯)
杵築,JR日豊本線(門司港～佐伯)
大神,JR日豊本線(門司港～佐伯)
日出,JR日豊本線(門司港～佐伯)
暘谷,JR日豊本線(門司港～佐伯)
豊後豊岡,JR日豊本線(門司港～佐伯)
亀川,JR日豊本線(門司港～佐伯)
別府大学,JR日豊本線(門司港～佐伯)
別府,JR日豊本線(門司港～佐伯)
東別府,JR日豊本線(門司港～佐伯)
西大分,JR日豊本線(門司港～佐伯)
大分,JR日豊本線(門司港～佐伯)
牧,JR日豊本線(門司港～佐伯)
高城,JR日豊本線(門司港～佐伯)
鶴崎,JR日豊本線(門司港～佐伯)
大在,JR日豊本線(門司港～佐伯)
坂ノ市,JR日豊本線(門司港～佐伯)
幸崎,JR日豊本線(門司港～佐伯)
佐志生,JR日豊本線(門司港～佐伯)
下ノ江,JR日豊本線(門司港～佐伯)
熊崎,JR日豊本線(門司港～佐伯)
上臼杵,JR日豊本線(門司港～佐伯)
臼杵,JR日豊本線(門司港～佐伯)
津久見,JR日豊本線(門司港～佐伯)
日代,JR日豊本線(門司港～佐伯)
浅海井,JR日豊本線(門司港～佐伯)
狩生,JR日豊本線(門司港～佐伯)
海崎,JR日豊本線(門司港～佐伯)
佐伯,JR日豊本線(門司港～佐伯)
佐伯,JR日豊本線(佐伯～鹿児島中央)
上岡,JR日豊本線(佐伯～鹿児島中央)
直見,JR日豊本線(佐伯～鹿児島中央)
直川,JR日豊本線(佐伯～鹿児島中央)
重岡,JR日豊本線(佐伯～鹿児島中央)
宗太郎,JR日豊本線(佐伯～鹿児島中央)
市棚,JR日豊本線(佐伯～鹿児島中央)
北川,JR日豊本線(佐伯～鹿児島中央)
日向長井,JR日豊本線(佐伯～鹿児島中央)
北延岡,JR日豊本線(佐伯～鹿児島中央)
延岡,JR日豊本線(佐伯～鹿児島中央)
南延岡,JR日豊本線(佐伯～鹿児島中央)
旭ケ丘,JR日豊本線(佐伯～鹿児島中央)
土々呂,JR日豊本線(佐伯～鹿児島中央)
門川,JR日豊本線(佐伯～鹿児島中央)
日向市,JR日豊本線(佐伯～鹿児島中央)
財光寺,JR日豊本線(佐伯～鹿児島中央)
南日向,JR日豊本線(佐伯～鹿児島中央)
美々津,JR日豊本線(佐伯～鹿児島中央)
東都農,JR日豊本線(佐伯～鹿児島中央)
都農,JR日豊本線(佐伯～鹿児島中央)
川南,JR日豊本線(佐伯～鹿児島中央)
高鍋,JR日豊本線(佐伯～鹿児島中央)
日向新富,JR日豊本線(佐伯～鹿児島中央)
佐土原,JR日豊本線(佐伯～鹿児島中央)
日向住吉,JR日豊本線(佐伯～鹿児島中央)
蓮ケ池,JR日豊本線(佐伯～鹿児島中央)
宮崎神宮,JR日豊本線(佐伯～鹿児島中央)
宮崎,JR日豊本線(佐伯～鹿児島中央)
南宮崎,JR日豊本線(佐伯～鹿児島中央)
加納,JR日豊本線(佐伯～鹿児島中央)
清武,JR日豊本線(佐伯～鹿児島中央)
日向沓掛,JR日豊本線(佐伯～鹿児島中央)
田野,JR日豊本線(佐伯～鹿児島中央)
青井岳,JR日豊本線(佐伯～鹿児島中央)
山之口,JR日豊本線(佐伯～鹿児島中央)
餅原,JR日豊本線(佐伯～鹿児島中央)
三股,JR日豊本線(佐伯～鹿児島中央)
都城,JR日豊本線(佐伯～鹿児島中央)
西都城,JR日豊本線(佐伯～鹿児島中央)
五十市,JR日豊本線(佐伯～鹿児島中央)
財部,JR日豊本線(佐伯～鹿児島中央)
北俣,JR日豊本線(佐伯～鹿児島中央)
大隅大川原,JR日豊本線(佐伯～鹿児島中央)
北永野田,JR日豊本線(佐伯～鹿児島中央)
霧島神宮,JR日豊本線(佐伯～鹿児島中央)
国分,JR日豊本線(佐伯～鹿児島中央)
隼人,JR日豊本線(佐伯～鹿児島中央)
加治木,JR日豊本線(佐伯～鹿児島中央)
錦江,JR日豊本線(佐伯～鹿児島中央)
帖佐,JR日豊本線(佐伯～鹿児島中央)
姶良,JR日豊本線(佐伯～鹿児島中央)
重富,JR日豊本線(佐伯～鹿児島中央)
竜ケ水,JR日豊本線(佐伯～鹿児島中央)
鹿児島,JR日豊本線(佐伯～鹿児島中央)
鹿児島中央,JR日豊本線(佐伯～鹿児島中央)
桂川,福北ゆたか線
筑前大分,福北ゆたか線
九郎原,福北ゆたか線
城戸南蔵院前,福北ゆたか線
筑前山手,福北ゆたか線
篠栗,福北ゆたか線
門松,福北ゆたか線
長者原,福北ゆたか線
原町,福北ゆたか線
柚須,福北ゆたか線
吉塚,福北ゆたか線
博多,福北ゆたか線
姪浜,JR筑肥線(姪浜～西唐津)
下山門,JR筑肥線(姪浜～西唐津)
今宿,JR筑肥線(姪浜～西唐津)
九大学研都市,JR筑肥線(姪浜～西唐津)
周船寺,JR筑肥線(姪浜～西唐津)
波多江,JR筑肥線(姪浜～西唐津)
糸島高校前,JR筑肥線(姪浜～西唐津)
筑前前原,JR筑肥線(姪浜～西唐津)
美咲が丘,JR筑肥線(姪浜～西唐津)
加布里,JR筑肥線(姪浜～西唐津)
一貴山,JR筑肥線(姪浜～西唐津)
筑前深江,JR筑肥線(姪浜～西唐津)
大入,JR筑肥線(姪浜～西唐津)
福吉,JR筑肥線(姪浜～西唐津)
鹿家,JR筑肥線(姪浜～西唐津)
浜崎,JR筑肥線(姪浜～西唐津)
虹ノ松原,JR筑肥線(姪浜～西唐津)
東唐津,JR筑肥線(姪浜～西唐津)
和多田,JR筑肥線(姪浜～西唐津)
唐津,JR筑肥線(姪浜～西唐津)
西唐津,JR筑肥線(姪浜～西唐津)
若松,若松線
藤ノ木,若松線
奥洞海,若松線
二島,若松線
本城,若松線
折尾,若松線
折尾,福北ゆたか線(折尾～桂川)
東水巻,福北ゆたか線(折尾～桂川)
中間,福北ゆたか線(折尾～桂川)
筑前垣生,福北ゆたか線(折尾～桂川)
鞍手,福北ゆたか線(折尾～桂川)
筑前植木,福北ゆたか線(折尾～桂川)
新入,福北ゆたか線(折尾～桂川)
直方,福北ゆたか線(折尾～桂川)
勝野,福北ゆたか線(折尾～桂川)
小竹,福北ゆたか線(折尾～桂川)
鯰田,福北ゆたか線(折尾～桂川)
浦田,福北ゆたか線(折尾～桂川)
新飯塚,福北ゆたか線(折尾～桂川)
飯塚,福北ゆたか線(折尾～桂川)
天道,福北ゆたか線(折尾～桂川)
桂川,福北ゆたか線(折尾～桂川)
桂川,原田線
上穂波,原田線
筑前内野,原田線
筑前山家,原田線
原田,原田線
久留米,ゆふ高原線
久留米高校前,ゆふ高原線
南久留米,ゆふ高原線
久留米大学前,ゆふ高原線
御井,ゆふ高原線
善導寺,ゆふ高原線
筑後草野,ゆふ高原線
田主丸,ゆふ高原線
筑後吉井,ゆふ高原線
うきは,ゆふ高原線
筑後大石,ゆふ高原線
夜明,ゆふ高原線
光岡,ゆふ高原線
日田,ゆふ高原線
豊後三芳,ゆふ高原線
豊後中川,ゆふ高原線
天ケ瀬,ゆふ高原線
杉河内,ゆふ高原線
北山田,ゆふ高原線
豊後森,ゆふ高原線
恵良,ゆふ高原線
引治,ゆふ高原線
豊後中村,ゆふ高原線
野矢,ゆふ高原線
由布院,ゆふ高原線
南由布,ゆふ高原線
湯平,ゆふ高原線
庄内,ゆふ高原線
天神山,ゆふ高原線
小野屋,ゆふ高原線
鬼瀬,ゆふ高原線
向之原,ゆふ高原線
豊後国分,ゆふ高原線
賀来,ゆふ高原線
南大分,ゆふ高原線
古国府,ゆふ高原線
大分,ゆふ高原線
小倉,JR日田彦山線
西小倉,JR日田彦山線
南小倉,JR日田彦山線
城野,JR日田彦山線
石田,JR日田彦山線
志井公園,JR日田彦山線
志井,JR日田彦山線
石原町,JR日田彦山線
呼野,JR日田彦山線
採銅所,JR日田彦山線
香春,JR日田彦山線
一本松,JR日田彦山線
田川伊田,JR日田彦山線
田川後藤寺,JR日田彦山線
池尻,JR日田彦山線
豊前川崎,JR日田彦山線
西添田,JR日田彦山線
添田,JR日田彦山線
歓遊舎ひこさん,JR日田彦山線
豊前桝田,JR日田彦山線
彦山,JR日田彦山線
筑前岩屋,JR日田彦山線
大行司,JR日田彦山線
宝珠山,JR日田彦山線
大鶴,JR日田彦山線
今山,JR日田彦山線
夜明,JR日田彦山線
光岡,JR日田彦山線
日田,JR日田彦山線
新飯塚,JR後藤寺線
上三緒,JR後藤寺線
下鴨生,JR後藤寺線
筑前庄内,JR後藤寺線
船尾,JR後藤寺線
田川後藤寺,JR後藤寺線
西戸崎,海の中道線
海ノ中道,海の中道線
雁ノ巣,海の中道線
奈多,海の中道線
和白,海の中道線
香椎,海の中道線
香椎,JR香椎線(香椎～宇美)
香椎神宮,JR香椎線(香椎～宇美)
舞松原,JR香椎線(香椎～宇美)
土井,JR香椎線(香椎～宇美)
伊賀,JR香椎線(香椎～宇美)
長者原,JR香椎線(香椎～宇美)
酒殿,JR香椎線(香椎～宇美)
須恵,JR香椎線(香椎～宇美)
須恵中央,JR香椎線(香椎～宇美)
新原,JR香椎線(香椎～宇美)
宇美,JR香椎線(香椎～宇美)
江北,JR佐世保線
大町,JR佐世保線
北方,JR佐世保線
高橋,JR佐世保線
武雄温泉,JR佐世保線
永尾,JR佐世保線
三間坂,JR佐世保線
上有田,JR佐世保線
有田,JR佐世保線
三河内,JR佐世保線
早岐,JR佐世保線
大塔,JR佐世保線
日宇,JR佐世保線
佐世保,JR佐世保線
西唐津,JR筑肥線(西唐津～伊万里)
唐津,JR筑肥線(西唐津～伊万里)
鬼塚,JR筑肥線(西唐津～伊万里)
山本,JR筑肥線(西唐津～伊万里)
肥前久保,JR筑肥線(西唐津～伊万里)
西相知,JR筑肥線(西唐津～伊万里)
佐里,JR筑肥線(西唐津～伊万里)
駒鳴,JR筑肥線(西唐津～伊万里)
大川野,JR筑肥線(西唐津～伊万里)
肥前長野,JR筑肥線(西唐津～伊万里)
桃川,JR筑肥線(西唐津～伊万里)
金石原,JR筑肥線(西唐津～伊万里)
上伊万里,JR筑肥線(西唐津～伊万里)
伊万里,JR筑肥線(西唐津～伊万里)
佐賀,JR唐津線
鍋島,JR唐津線
バルーンさが,JR唐津線
久保田,JR唐津線
小城,JR唐津線
東多久,JR唐津線
中多久,JR唐津線
多久,JR唐津線
厳木,JR唐津線
岩屋,JR唐津線
相知,JR唐津線
本牟田部,JR唐津線
山本,JR唐津線
鬼塚,JR唐津線
唐津,JR唐津線
西唐津,JR唐津線
早岐,JR大村線
ハウステンボス,JR大村線
南風崎,JR大村線
小串郷,JR大村線
川棚,JR大村線
彼杵,JR大村線
千綿,JR大村線
松原,JR大村線
大村車両基地,JR大村線
竹松,JR大村線
新大村,JR大村線
諏訪,JR大村線
大村,JR大村線
岩松,JR大村線
諫早,JR大村線
熊本,阿蘇高原線
平成,阿蘇高原線
南熊本,阿蘇高原線
新水前寺,阿蘇高原線
水前寺,阿蘇高原線
東海学園前,阿蘇高原線
竜田口,阿蘇高原線
武蔵塚,阿蘇高原線
光の森,阿蘇高原線
三里木,阿蘇高原線
原水,阿蘇高原線
肥後大津,阿蘇高原線
瀬田,阿蘇高原線
立野,阿蘇高原線
赤水,阿蘇高原線
市ノ川,阿蘇高原線
内牧,阿蘇高原線
阿蘇,阿蘇高原線
いこいの村,阿蘇高原線
宮地,阿蘇高原線
波野,阿蘇高原線
滝水,阿蘇高原線
豊後荻,阿蘇高原線
玉来,阿蘇高原線
豊後竹田,阿蘇高原線
朝地,阿蘇高原線
緒方,阿蘇高原線
豊後清川,阿蘇高原線
三重町,阿蘇高原線
菅尾,阿蘇高原線
犬飼,阿蘇高原線
竹中,阿蘇高原線
中判田,阿蘇高原線
大分大学前,阿蘇高原線
敷戸,阿蘇高原線
滝尾,阿蘇高原線
大分,阿蘇高原線
熊本,三角線（あまくさみすみ線）
川尻,三角線（あまくさみすみ線）
富合,三角線（あまくさみすみ線）
宇土,三角線（あまくさみすみ線）
緑川,三角線（あまくさみすみ線）
住吉,三角線（あまくさみすみ線）
肥後長浜,三角線（あまくさみすみ線）
網田,三角線（あまくさみすみ線）
赤瀬,三角線（あまくさみすみ線）
石打ダム,三角線（あまくさみすみ線）
波多浦,三角線（あまくさみすみ線）
三角,三角線（あまくさみすみ線）
八代,えびの高原線(八代～吉松)
段,えびの高原線(八代～吉松)
坂本,えびの高原線(八代～吉松)
葉木,えびの高原線(八代～吉松)
鎌瀬,えびの高原線(八代～吉松)
瀬戸石,えびの高原線(八代～吉松)
海路,えびの高原線(八代～吉松)
吉尾,えびの高原線(八代～吉松)
白石,えびの高原線(八代～吉松)
球泉洞,えびの高原線(八代～吉松)
一勝地,えびの高原線(八代～吉松)
那良口,えびの高原線(八代～吉松)
渡,えびの高原線(八代～吉松)
西人吉,えびの高原線(八代～吉松)
人吉,えびの高原線(八代～吉松)
大畑,えびの高原線(八代～吉松)
矢岳,えびの高原線(八代～吉松)
真幸,えびの高原線(八代～吉松)
吉松,えびの高原線(八代～吉松)
吉松,JR肥薩線(吉松～隼人)
栗野,JR肥薩線(吉松～隼人)
大隅横川,JR肥薩線(吉松～隼人)
植村,JR肥薩線(吉松～隼人)
霧島温泉,JR肥薩線(吉松～隼人)
嘉例川,JR肥薩線(吉松～隼人)
中福良,JR肥薩線(吉松～隼人)
表木山,JR肥薩線(吉松～隼人)
日当山,JR肥薩線(吉松～隼人)
隼人,JR肥薩線(吉松～隼人)
宮崎,JR宮崎空港線
南宮崎,JR宮崎空港線
田吉,JR宮崎空港線
宮崎空港,JR宮崎空港線
宮崎,JR日南線
南宮崎,JR日南線
田吉,JR日南線
南方,JR日南線
木花,JR日南線
運動公園,JR日南線
曽山寺,JR日南線
子供の国,JR日南線
青島,JR日南線
折生迫,JR日南線
内海,JR日南線
小内海,JR日南線
伊比井,JR日南線
北郷,JR日南線
内之田,JR日南線
飫肥,JR日南線
日南,JR日南線
油津,JR日南線
大堂津,JR日南線
南郷,JR日南線
谷之口,JR日南線
榎原,JR日南線
日向大束,JR日南線
日向北方,JR日南線
串間,JR日南線
福島今町,JR日南線
福島高松,JR日南線
大隅夏井,JR日南線
志布志,JR日南線
都城,えびの高原線
日向庄内,えびの高原線
谷頭,えびの高原線
万ケ塚,えびの高原線
東高崎,えびの高原線
高崎新田,えびの高原線
日向前田,えびの高原線
高原,えびの高原線
広原,えびの高原線
小林,えびの高原線
西小林,えびの高原線
えびの飯野,えびの高原線
えびの上江,えびの高原線
えびの,えびの高原線
京町温泉,えびの高原線
鶴丸,えびの高原線
吉松,えびの高原線
鹿児島中央,JR指宿枕崎線
郡元,JR指宿枕崎線
南鹿児島,JR指宿枕崎線
宇宿,JR指宿枕崎線
谷山,JR指宿枕崎線
慈眼寺,JR指宿枕崎線
坂之上,JR指宿枕崎線
五位野,JR指宿枕崎線
平川,JR指宿枕崎線
瀬々串,JR指宿枕崎線
中名,JR指宿枕崎線
喜入,JR指宿枕崎線
前之浜,JR指宿枕崎線
生見,JR指宿枕崎線
薩摩今和泉,JR指宿枕崎線
宮ケ浜,JR指宿枕崎線
二月田,JR指宿枕崎線
指宿,JR指宿枕崎線
山川,JR指宿枕崎線
大山,JR指宿枕崎線
西大山,JR指宿枕崎線
薩摩川尻,JR指宿枕崎線
東開聞,JR指宿枕崎線
開聞,JR指宿枕崎線
入野,JR指宿枕崎線
頴娃,JR指宿枕崎線
西頴娃,JR指宿枕崎線
御領,JR指宿枕崎線
石垣,JR指宿枕崎線
水成川,JR指宿枕崎線
頴娃大川,JR指宿枕崎線
松ケ浦,JR指宿枕崎線
薩摩塩屋,JR指宿枕崎線
白沢,JR指宿枕崎線
薩摩板敷,JR指宿枕崎線
枕崎,JR指宿枕崎線
